Allele Name,peptide,true_score,CapHLA,ANN,NetMHCpan_BA,PickPocket
HLA-A*24:02,SFIKKYSVF,0.663075361,0.61734035,0.661282997,0.629578501,0.47
HLA-B*44:02,VQYFFLRPYI,0,0.09692214,0.072653993,0.133049027,0.189
HLA-A*24:02,SYLEQASRI,0.361562215,0.461661553,0.51310316,0.592569899,0.523
HLA-A*02:01,DLNTSAGFPYV,0.42562519,0.308504209,0.228089886,0.209951011,0.546
HLA-A*11:01,KVKIPVAIKT,0.14659377,0.155476521,0.199555997,0.184461953,0.082
HLA-B*08:01,FLYEKQHEL,0.57437481,0.615960777,0.682470498,0.714905574,0.401
HLA-A*02:01,GIANDLSTL,0.200217363,0.196227303,0.405978215,0.398936428,0.511
HLA-A*24:02,IYIHLFILN,0,0.064539,0.265252898,0.215944997,0.395
HLA-A*24:02,IKLNIWRTF,0.329153338,0.260413918,0.349975737,0.187047977,0.287
HLA-A*02:01,ELPDEFVVVTV,0.956560697,0.640746129,0.231496014,0.254144891,0.539
HLA-B*07:02,FASEAARVV,0.163271337,0.145277312,0.185400045,0.170066984,0.394
HLA-B*07:02,LPLKIENREY,0,0.041948968,0.162962011,0.147623035,0.244
HLA-A*02:01,QLPDFVNQL,0.57437481,0.635353923,0.580893406,0.617297987,0.589
HLA-A*11:01,EKVKIPVAIKT,0.110471523,0.111384523,0.090078002,0.038447025,0
HLA-A*01:01,HVKITDFGR,0,0.069498928,0.050589024,0.02691501,0.248
HLA-A*02:01,KMMDEYNTKK,0,0.052903759,0.09053998,0.132496993,0.29
HLA-A*03:01,AVEEVSLRK,0.335033542,0.266256624,0.414028928,0.44713108,0.443
HLA-B*44:03,EEFEPSTQYEY,1,0.789160192,0.414050127,0.545191292,0.463
HLA-A*24:02,IYKRELYNI,0.587490536,0.646847749,0.668927681,0.752337741,0.503
HLA-A*01:01,HTSVFPGLY,0.201516834,0.438895297,0.817805935,0.71016699,0.435
HLA-A*02:01,FLFEVTDNL,0.482780782,0.773819101,0.86605371,0.896934894,0.814
HLA-B*27:05,GLAKLLGAEEK,0.112882456,0.131797147,0.044826038,0.065137013,0.132
HLA-A*30:01,GLAKLLGAEEK,0,0.034071501,0.056094007,0.131131011,0.089
HLA-A*02:01,GLEPLDLNT,0.42562519,0.229691495,0.193107055,0.151580008,0.357
HLA-A*02:01,KLTFSLDHRV,0.159769633,0.27258808,0.619590822,0.668032223,0.616
HLA-B*07:02,NPNANPNANP,0,-0.001107964,0.073481021,0.087107022,0.25
HLA-A*33:01,HVKITDFGR,0.77072254,0.721123183,0.56211083,0.598687185,0.444
HLA-A*11:01,IKTSPKANKE,0.084686646,0.061433321,0.054126973,0.035532014,0
HLA-B*15:01,DEFVVVTV,0.295036905,0.14214617,0.029245012,0.03846098,0.136
HLA-A*03:01,RSKKTFLVK,0.444124618,0.484183538,0.628659357,0.56740741,0.474
HLA-A*03:01,SLQPRGSFK,0.668799226,0.755437171,0.731840938,0.76180825,0.403
HLA-A*03:01,STCYGNRFNY,0,0.227011138,0.476350727,0.457788364,0.286
HLA-A*02:01,KINETYDKV,0.148095733,0.297202674,0.384271437,0.417475698,0.582
HLA-B*27:05,YRIYDIPPK,0.621587018,0.581942093,0.706235162,0.595079387,0.574
HLA-A*30:01,HVKITDFGL,0.173701802,0.180490839,0.458179249,0.400764382,0.286
HLA-A*03:01,SILPDINKSK,0.126586136,0.3007566,0.40448098,0.474422103,0.32
HLA-B*44:02,SILISRLTL,0,0.111696686,0.076657015,0.048852026,0.182
HLA-B*07:02,APRIFISDD,0,0.049852425,0.210174938,0.174767024,0.436
HLA-A*11:01,KTSPKANKEI,0.084686646,0.074179834,0.062497023,0.051729964,0.136
HLA-A*31:01,HVKITDFGR,0.919859681,0.804563379,0.783562496,0.719012032,0.417
HLA-A*02:01,KIPVAIKT,0.084686646,0.066592069,0.053115019,0.037002024,0.248
HLA-B*15:01,KRVDWTIEY,0.457019305,0.334086514,0.209594889,0.178959074,0.253
HLA-B*07:02,KRASHTTPV,0,0.128903177,0.179061013,0.199523012,0.256
HLA-B*07:02,IPHYTFLDYY,0,0.092869622,0.134061007,0.179088986,0.207
HLA-A*11:01,RAKLLGAEEK,0.077005456,0.117001206,0.366700701,0.36148923,0.234
HLA-B*27:05,RRLLILGRI,0.469509193,0.581607771,0.774592173,0.713854581,0.4
HLA-A*02:01,FISDDKDSL,0,0.107286219,0.39556962,0.364548069,0.473
HLA-B*15:01,SLEDKAFQL,0.318993468,0.103901668,0.069652011,0.09368303,0.149
HLA-B*07:02,RASHTTPVL,0.486776952,0.469833672,0.525992566,0.526723711,0.4
HLA-B*18:01,EILDITPCSF,0.09737729,0.138035102,0.058583971,0.106104983,0.263
HLA-B*44:02,EILDITPCSF,0.093058479,0.108281918,0.067006989,0.08217802,0.167
HLA-B*07:02,RAEISRNDL,0.257502491,0.136607932,0.333261096,0.340991795,0.329
HLA-B*08:01,HVKITDFGR,0,0.065737022,0.038205022,0.042426998,0.101
HLA-B*07:02,KSAFLPTGAF,0,0.079936565,0.263847142,0.259888118,0.225
HLA-A*11:01,AIKTSPKA,0.084686646,0.065770376,0.021733987,0.018254998,0
HLA-A*26:01,EILDITPCSFG,0.390395964,0.387187025,0.196618979,0.072284002,0.165
HLA-A*11:01,PVAIKTSPKAN,0.189622254,0.119406667,0.042307985,0.022078999,0
HLA-A*02:01,VAIKTSPK,0.084686646,0.061065939,0.014723005,0.024193997,0
HLA-A*02:01,DEFVVVTV,0.124344763,0.112885986,0.078645014,0.028861,0.207
HLA-B*44:02,NEYSLFITS,0,0.173857838,0.25569196,0.271724133,0.275
HLA-A*24:02,IFHHLIYVL,0.152647767,0.215735087,0.440704466,0.461863907,0.442
HLA-A*02:01,ILYKNIDCV,0.330662591,0.503533149,0.698414885,0.729533996,0.809
HLA-B*08:01,RAKLLGAEEK,0,0.044037709,0.035220987,0.048965994,0.046
HLA-B*44:02,FEWHTLSKEY,0.088869625,0.183036703,0.553470598,0.534204349,0.374
HLA-B*07:02,FPCSLYKDEI,0,0.125968897,0.230300985,0.268017965,0.367
HLA-A*01:01,IEQYLKKIQY,0,0.051000784,0.048368978,0.075335026,0.032
HLA-A*02:01,SVLNGNDNTI,0,0.102428621,0.20699208,0.193756932,0.37
HLA-A*02:01,AIKTSPKANK,0.084686646,0.044124794,0.015998007,0.021176999,0
HLA-A*03:01,KVKIPVAIKTS,0.424158122,0.409063858,0.120095005,0.170688079,0.098
HLA-A*03:01,AIKTSPKANK,0.411272503,0.332883963,0.544720704,0.547484082,0.251
HLA-A*30:01,HVKITDFGR,0,0.211755905,0.337256066,0.274356015,0.31
HLA-A*02:01,KVKIPVAIKTS,0.084686646,0.11792891,0.038436994,0.033232975,0
HLA-A*01:01,PSDKHITEY,0.270656889,0.437122542,0.74794317,0.70543031,0.357
HLA-A*11:01,KITDFGLAK,0.548017621,0.653573215,0.72326317,0.740512813,0.437
HLA-B*08:01,GLAKLLGAEEK,0.24917944,0.084849177,0.026347983,0.022550991,0
HLA-A*02:01,KIPVAIKTSP,0.084686646,0.057447264,0.039078006,0.048612001,0.153
HLA-B*44:02,FDNSGISLL,0,0.103809723,0.147082004,0.111706015,0.26
HLA-A*03:01,SIASKNLMWV,0,0.099456713,0.141106031,0.118514027,0.183
HLA-B*44:02,TEWSPCSVT,0,0.116924468,0.198374014,0.21574806,0.259
HLA-A*01:01,NTFDALYYV,0,0.128451614,0.188261079,0.23235,0.26
HLA-A*02:01,NLIYRNLHL,0.510311836,0.51432175,0.483545555,0.453749553,0.567
HLA-A*03:01,TMANQNMNY,0.367035466,0.311954388,0.569024287,0.470183275,0.37
HLA-B*07:02,LQKHGFHTM,0,0.086282924,0.121523029,0.165669989,0.255
HLA-A*11:01,KTSPKANKE,0.084686646,0.077027306,0.107196972,0.090122003,0.182
HLA-A*11:01,AIKTSPKANKE,0.149473349,0.174938253,0.142898997,0.097657039,0
HLA-A*11:01,AIKTSPKAN,0.084686646,0.067876211,0.046239018,0.018544963,0.032
HLA-A*01:01,YGDDVIFSY,0.510311836,0.560417199,0.553581236,0.64656709,0.41
HLA-A*24:02,YLKKIQNSL,0.138506753,0.110854039,0.142683059,0.134345989,0.218
HLA-B*07:02,SIASKNLMWV,0,0.044925788,0.09887899,0.095735037,0.107
HLA-B*07:02,KPGSANKPKD,0,0.047952363,0.15061305,0.063935998,0.172
HLA-A*02:01,RQMLYNTFYS,0,0.227907197,0.336924146,0.343730821,0.325
HLA-A*24:02,RFLEYLPLRF,0.57437481,0.578532135,0.647990893,0.691270454,0.536
HLA-A*03:01,HVKITDFGR,0,0.030207671,0.155472947,0.146623029,0.398
HLA-A*11:01,IPVAIKTS,0.084686646,0.074879913,0.011211993,0.011542016,0
HLA-A*03:01,LSVKSKNLNK,0,0.181484105,0.474798957,0.46553063,0.28
HLA-A*01:01,ELDYENDIEK,0,0.065971377,0.08262999,0.118268933,0.287
HLA-B*07:02,CPRKNLQNA,0.42855474,0.476615357,0.489032442,0.50283585,0.512
HLA-A*03:01,PVAIKTSPKAN,0.222653115,0.165750612,0.048089979,0.034775964,0
HLA-B*44:02,NEEPSDKHI,0,0.077212104,0.257869855,0.210278112,0.353
HLA-B*08:01,FGRAKLLGA,1,0.867322314,0.408757481,0.454830894,0.298
HLA-A*02:01,LTHKYNEFV,0.280110905,0.31391996,0.380339806,0.306722927,0.41
HLA-B*08:01,YIHGGGWAL,0.57437481,0.463502467,0.340100929,0.369099,0.389
HLA-B*07:02,TEMFKLRLNL,0,0.068908118,0.08361696,0.148136948,0.198
HLA-A*11:01,KITDFGFAK,0.714315546,0.72766217,0.758294155,0.791442939,0.503
HLA-B*27:05,RRHCRSYNR,0.6296289,0.619269288,0.69328945,0.702759908,0.601
HLA-A*68:01,GRAKLLGAEEK,0,0.043530267,0.042129999,0.063266987,0.047
HLA-A*02:01,YLNTNVNDGL,0.26528583,0.339077574,0.513126977,0.631530402,0.601
HLA-B*15:01,FGDDTVIEV,0.281344262,0.104731536,0.040159992,0.040370004,0.085
HLA-A*03:01,FLDYYKHLSY,0,0.228611155,0.56877168,0.532979708,0.17
HLA-A*02:01,LSTEWSPCSV,0.225132889,0.301338524,0.21755193,0.222931936,0.349
HLA-A*02:01,YLKKIQNSL,0.28970415,0.380628887,0.478854857,0.519685764,0.473
HLA-B*35:01,SAFRCFIVY,0.968902114,0.861137462,0.7232169,0.719321955,0.465
HLA-A*02:01,STSAFVETV,0.69887585,0.56920675,0.487619035,0.520100967,0.448
HLA-A*03:01,IEKKICKMEK,0,0.097805965,0.203532044,0.086871982,0.158
HLA-A*24:02,LFIPSHNSF,0.5424881,0.595194709,0.536875729,0.630795727,0.506
HLA-A*02:01,IPVAIKTSPK,0.084686646,0.067475684,0.026066013,0.037159976,0
HLA-B*07:02,RPNDCESVL,0.451648595,0.5947815,0.740123193,0.726130332,0.579
HLA-A*01:01,DSDDLKESY,0.273179593,0.36745677,0.699732951,0.561562083,0.362
HLA-A*02:01,KLPLESSTI,0.29215744,0.301617885,0.370336633,0.352336686,0.54
HLA-A*01:01,PSDKHIEQY,0.29763798,0.361121178,0.692224807,0.655948959,0.35
HLA-A*01:01,FLENFNFPL,0,0.093820503,0.234255056,0.237285982,0.328
HLA-A*03:01,KTSPKANK,0.397342445,0.323412693,0.318544978,0.304038171,0.384
HLA-A*03:01,PVATGNQYLK,0,0.138077055,0.284532964,0.215484924,0.279
HLA-A*03:01,RLMFFRPIK,0.625359923,0.688731074,0.788960345,0.821616392,0.519
HLA-B*44:02,KEKHLNNIF,0,0.12695155,0.370866614,0.369163199,0.368
HLA-B*15:01,VGYLQPRTF,0.384882003,0.199935597,0.221462094,0.282273931,0.309
HLA-A*03:01,IPVAIKTSPK,0.314999246,0.199428126,0.592446196,0.564754492,0.183
HLA-A*03:01,TMANQNMNYK,0.506287881,0.591559124,0.750517461,0.700598074,0.391
HLA-B*15:01,GLITLSYHL,0.324087778,0.405601293,0.400112693,0.362826861,0.316
HLA-B*07:02,FITSDHLRQM,0,0.081582794,0.117608041,0.124509003,0.259
HLA-B*07:02,APRITFGGP,0.623140388,0.572157907,0.276683897,0.413408166,0.413
HLA-A*01:01,LISRLTLKY,0.136122135,0.286316592,0.536035651,0.443599977,0.41
HLA-B*27:05,RRTQRYFMK,0.646144191,0.589928246,0.687800557,0.771265524,0.58
HLA-A*02:01,IKTSPKANKE,0.084686646,0.059002906,0.01238,0.014716025,0
HLA-A*03:01,ASFSASTGY,0.281811047,0.249495699,0.443053741,0.41780292,0.404
HLA-A*03:01,YLFFIQGYK,0.367991595,0.514609933,0.766194778,0.795195684,0.587
HLA-B*44:02,NEEPSDKHIK,0,0.071245357,0.113784025,0.089225012,0.127
HLA-B*27:05,LRILRIKLR,0.56640998,0.555061364,0.669883838,0.545949253,0.407
HLA-A*03:01,KTSPKANKEI,0.084686646,0.079760765,0.067845007,0.055176957,0.132
HLA-B*15:01,LEDKAFQL,0.113098384,0.115368032,0.026686015,0.036700014,0.105
HLA-A*24:02,MYHNKEFDF,0.222345208,0.374275607,0.579554342,0.690617974,0.6
HLA-A*01:01,NNEDYKNVDY,0.169477327,0.160348019,0.181859001,0.187206032,0.175
HLA-A*03:01,ITNKNKVTIY,0.161429662,0.153422761,0.299806025,0.220517997,0.193
HLA-B*44:02,EEKDDIKNG,0,0.055965379,0.125585028,0.103035977,0.202
HLA-A*24:02,IYGKGGFQF,0.529388877,0.73104167,0.757018404,0.826576211,0.628
HLA-A*02:01,CKMEKCSSV,0,0.072685735,0.153538974,0.120455987,0.373
HLA-B*27:05,GRAKLLGAEEK,0.650779201,0.563291949,0.268200207,0.434697857,0.398
HLA-A*01:01,NSILIKPEKY,0,0.135960978,0.204347997,0.217836053,0.205
HLA-B*27:05,GRIAFSLKY,0.576885552,0.58938759,0.68375938,0.648607873,0.44
HLA-A*01:01,GSKNDFQQQY,0,0.098701841,0.362320415,0.328687839,0.15
HLA-B*27:05,RLFPGLAIK,0.539271932,0.411584461,0.21771805,0.292612168,0.285
HLA-A*02:01,NTFDALYYV,0.161006574,0.376471388,0.845690753,0.845864973,0.707
HLA-A*24:02,QYLKDGGFAF,0.654860699,0.646352935,0.538197193,0.628759184,0.517
HLA-A*03:01,GLAKLLGAEEK,0.3994405,0.271503013,0.364423103,0.369047873,0.279
HLA-A*11:01,IPVAIKTSP,0.084686646,0.067009014,0.019722996,0.015079973,0
HLA-B*27:05,FRMFLTQGF,0.935937025,0.799049985,0.749651372,0.756951745,0.466
HLA-A*26:01,SEFSSLPSY,0.373903632,0.210703844,0.157452012,0.165310079,0.256
HLA-B*07:02,LPSAKNNCEY,0,0.044228882,0.189697074,0.17207595,0.222
HLA-A*11:01,KITDFGEAK,0.479876485,0.550498337,0.600239128,0.60674765,0.386
HLA-B*15:01,FAVDAAKAY,0.908200358,0.72445724,0.500608268,0.55411415,0.424
HLA-B*27:05,WRNSFLLRY,0.688783287,0.606983751,0.706081316,0.687454343,0.392
HLA-B*44:02,TEYLKKIQN,0,0.060160547,0.156270964,0.139181955,0.23
HLA-A*01:01,IPDNDKNSNY,0.113066967,0.136587211,0.04764496,0.152458044,0.152
HLA-A*02:01,GRAKLLGAEEK,0,0.046600845,0.024528976,0.016404987,0
HLA-A*03:01,KVKIPVAIKT,0.446944649,0.253280541,0.293237124,0.367508351,0.113
HLA-A*02:01,IPVAIKTS,0.084686646,0.070221558,0.021852977,0.01186597,0
HLA-B*27:05,HVKITDFGR,0,0.092692348,0.099149008,0.069993972,0.176
HLA-A*02:01,KTSPKANKEIL,0.084686646,0.074305707,0.033423003,0.037795,0.199
HLA-A*01:01,LSDTLQLHED,0,0.170760046,0.206617075,0.112955965,0.199
HLA-A*02:01,FLKKKNITL,0.206645774,0.419056547,0.531381368,0.591986572,0.511
HLA-A*03:01,LLINRGFSK,0.368150262,0.473973167,0.701837695,0.712856748,0.424
HLA-A*02:01,NTSAGFPYV,0.510311836,0.426200593,0.548344808,0.533334728,0.529
HLA-A*02:01,CLINNSSYI,0.237740202,0.273844764,0.594675565,0.622765191,0.666
HLA-A*01:01,TLNDEYIVSY,0,0.127419639,0.458195024,0.513974091,0.29
HLA-A*03:01,FTNVNQFFK,0.369198326,0.497842622,0.546405665,0.632392084,0.528
HLA-A*24:02,HYNTYKNRVF,0.260086439,0.352143073,0.429244184,0.337190722,0.445
HLA-A*02:01,FASEAARVV,0.426554075,0.291491035,0.263719117,0.221102099,0.377
HLA-A*02:01,KRASHTTPV,0,0.073320395,0.130390026,0.114568987,0.349
HLA-A*02:01,KLPPLLNEI,0.271037874,0.424544817,0.689390812,0.705812699,0.66
HLA-A*02:01,YIHKLILSV,0.34840416,0.486630869,0.730931352,0.724240219,0.636
HLA-A*03:01,FIPSHNSFIK,0,0.243198133,0.47008155,0.436570261,0.261
HLA-A*03:01,EKVKIPVAIKT,0.138448862,0.10697069,0.118443021,0.086814982,0
HLA-A*26:01,FAVDAAKAY,0.824200878,0.726703417,0.57338199,0.512590197,0.329
HLA-A*03:01,KIYAAGTFY,0.363902172,0.601733834,0.776795748,0.77315178,0.485
HLA-A*02:01,HLNNIFHHL,0.499425935,0.562348431,0.550168896,0.711339224,0.692
HLA-A*33:01,HVKITDFGL,0.188193784,0.112882459,0.073827983,0.091751984,0.236
HLA-A*02:01,ELPDEFVVV,0.433331596,0.488353592,0.383035453,0.397202351,0.601
HLA-A*03:01,PVAIKTSPKA,0.155288054,0.107200311,0.133172011,0.095870022,0.003
HLA-A*26:01,EILDITPCSF,0.911688445,0.642913216,0.467915267,0.396267947,0.202
HLA-A*01:01,DSCVPNTNEY,0,0.156928912,0.440828584,0.329876016,0.227
HLA-B*44:02,KEIDNDKENI,0,0.174767065,0.276092924,0.285944159,0.267
HLA-A*03:01,TLNDEYIVSY,0,0.139823429,0.346561362,0.282417096,0.206
HLA-B*44:02,EENLFEWSKT,0,0.151562436,0.314071862,0.250208137,0.205
HLA-A*01:01,GLAKLLGAEEK,0,0.052066092,0.021444979,0.026054986,0.217
HLA-A*03:01,KLNIWRTFQK,0.276949538,0.470881182,0.79251368,0.799952297,0.428
HLA-A*24:02,NMNYKQNNF,0.113029282,0.109104326,0.168027974,0.180397079,0.315
HLA-A*03:01,KTSPKANKE,0.128273945,0.077964148,0.067471987,0.073400986,0.164
HLA-A*31:01,FGRAKLLGA,0,0.062729245,0.042373012,0.078387035,0.027
HLA-B*44:03,DEFVVVTV,0.33853022,0.324157077,0.119775003,0.107401953,0.288
HLA-A*24:02,IWYKYTESDF,0.351253189,0.441227508,0.617799327,0.661401412,0.399
HLA-A*11:01,IKTSPKANKEI,0.084686646,0.08725355,0.033021986,0.018740001,0
HLA-A*03:01,KNYDNYNMK,0.276580287,0.177746919,0.352067746,0.326644115,0.406
HLA-A*02:01,HLIDPNTLQV,0.787187405,0.755480587,0.592862949,0.61287621,0.647
HLA-A*30:01,RTLVLDAYK,0.510311836,0.532336032,0.724850276,0.661425114,0.396
HLA-A*01:01,NVDPNANPNV,0,0.094147417,0.129889996,0.127695962,0.16
HLA-A*03:01,NVNFLQYHFK,0,0.276958475,0.477309324,0.515501144,0.384
HLA-A*03:01,STDIIFLTMK,0.160795755,0.328698519,0.485291552,0.541777373,0.329
HLA-A*02:01,KIPVAIKTS,0.084686646,0.072835866,0.058884024,0.054525981,0.187
HLA-A*01:01,DDTFEVYSEY,0,0.101368447,0.305027001,0.28053494,0.045
HLA-B*27:05,GRIAFFLKY,0.503756772,0.596696806,0.730680269,0.659223339,0.419
HLA-B*07:02,HPFLKSGFTF,0.498852638,0.563584518,0.547906502,0.565868898,0.448
HLA-A*02:01,ALYIPPYEL,0.410956526,0.535347939,0.679483172,0.634866212,0.688
HLA-A*01:01,LTIIYIHLF,0,0.115577377,0.21924792,0.169113946,0.33
HLA-A*02:01,NLFSSIEIV,0.320759573,0.412422794,0.675230808,0.691335956,0.746
HLA-A*24:02,SHPKYRNFKF,0.101774319,0.195658429,0.391071399,0.31879775,0.297
HLA-A*02:01,KLLNKPSLDL,0.227724467,0.425809312,0.420482495,0.437372784,0.56
HLA-B*07:02,MDMKNYGTNL,0,0.170439844,0.081799035,0.186707028,0.273
HLA-A*11:01,HVKITDFGL,0,0.065032743,0.072828002,0.050619002,0.238
HLA-B*18:01,ELPDEFVVVTV,0.350021407,0.189927848,0.05418599,0.039880991,0
HLA-A*11:01,KYFNINYYK,0.510311836,0.437564528,0.711951437,0.606695189,0.533
HLA-A*02:01,KAFQLTPIAV,0.810151033,0.649798048,0.385792867,0.327532009,0.416
HLA-A*03:01,KIPVAIKTS,0.084686646,0.09480786,0.044991009,0.042402019,0.11
HLA-A*03:01,GRAKLLGAEEK,0.014077217,0.040398744,0.105267985,0.097550965,0.042
HLA-A*24:02,KLPLESSTI,0.504015419,0.339435245,0.253902086,0.237325978,0.312
HLA-A*01:01,STSAFVETV,0.126775393,0.155054776,0.180003001,0.17611307,0.254
HLA-A*24:02,YTIGLPPYI,0.187602147,0.111099097,0.232736046,0.259917039,0.347
HLA-B*07:02,MNRTFKKMM,0,0.067198876,0.12343004,0.124907029,0.352
HLA-B*27:05,FRICPIFVF,0.37369262,0.422101206,0.67870831,0.680439134,0.49
HLA-B*44:02,EELQITQWI,0.086403075,0.28696363,0.644254891,0.565238822,0.45
HLA-A*02:01,LNTSAGFPYV,0.42562519,0.340407324,0.446744653,0.391993,0.325
HLA-A*24:02,AYLNKYVYTI,0.552138637,0.506503379,0.707592358,0.725274995,0.563
HLA-A*03:01,RLNNRSIYK,0.49987889,0.655599058,0.791442939,0.863065166,0.552
HLA-A*24:02,TFLDYYKHL,0.503455928,0.360364977,0.252663112,0.337530729,0.435
HLA-B*07:02,YLKKIQNSL,0.156445981,0.131330052,0.206867025,0.328072086,0.34
HLA-B*07:02,KPECVCKENL,0,0.148505068,0.328592691,0.322095802,0.353
HLA-B*07:02,SVFNVVNSSI,0,0.068605402,0.124109002,0.146875007,0.233
HLA-A*02:01,YIYNQIIWKI,0.299839197,0.362846392,0.711054907,0.680759998,0.66
HLA-B*07:02,CPENSTCEQI,0,0.068443474,0.232964956,0.212915982,0.339
HLA-A*24:02,PYISKYGNKL,0.520306695,0.427158123,0.385872185,0.389523837,0.327
HLA-A*33:01,FGLAKLLGA,0,0.032579675,0.035898973,0.059525004,0.065
HLA-A*02:01,KTSPKANKEI,0.084686646,0.054176024,0.075139983,0.054818978,0.186
HLA-B*27:05,KRRLLILGR,0.564729509,0.595537412,0.692125622,0.670692629,0.48
HLA-A*03:01,GLSPHDTMQK,0.352753331,0.55856514,0.685835025,0.712402984,0.325
HLA-A*01:01,CRDKTSALY,0,0.198053673,0.406247614,0.232371011,0.265
HLA-A*11:01,VAIKTSPK,0.29838146,0.204293564,0.273613957,0.222702887,0.314
HLA-B*44:03,NATNVVIKV,0.168156725,0.147566964,0.022185979,0.051777015,0.114
HLA-B*07:02,GLITLSYHL,0.115692155,0.075115728,0.057254003,0.065931987,0.194
HLA-A*03:01,STCRFFVCK,0.197483874,0.305100796,0.566741262,0.577974584,0.479
HLA-A*03:01,SIYHKSSTY,0.196999695,0.275392795,0.694298816,0.655948959,0.379
HLA-A*02:01,WLNNDIYNV,0.531051108,0.751239347,0.838172518,0.893368278,0.848
HLA-A*01:01,SIYHKSSTY,0,0.08495454,0.144811005,0.182251926,0.309
HLA-B*15:01,EEFEPSTQYEY,0.597338438,0.577482009,0.11303104,0.147050966,0.288
HLA-A*02:01,FVLENGVCI,0.229500839,0.259339732,0.558803682,0.54981394,0.6
HLA-A*11:01,KIPVAIKTSPK,0.375287081,0.343706501,0.404688549,0.480326397,0.237
HLA-A*11:01,IPVAIKTSPK,0.249798483,0.160361898,0.550346887,0.523876012,0.164
HLA-A*11:01,VAIKTSPKA,0.084686646,0.072379604,0.060917026,0.041163016,0.099
HLA-A*03:01,DLMNRTFKK,0,0.128748125,0.506704702,0.406687823,0.407
HLA-A*01:01,GEEDETHIY,0,0.055599567,0.081916998,0.095309953,0.219
HLA-A*03:01,KMKNFFFTK,0.546160149,0.605973864,0.815391993,0.819102217,0.53
HLA-A*02:01,NIFHHLIYV,0.285186711,0.369215268,0.802643907,0.839954618,0.754
HLA-A*24:02,RYNLYDKKL,0.524412734,0.463452488,0.267054914,0.350856407,0.387
HLA-A*01:01,FTNVNQFFK,0,0.095533454,0.374741872,0.331998008,0.456
HLA-B*44:02,NENNTTYQY,0.092362919,0.347065893,0.740012174,0.612247525,0.527
HLA-A*03:01,KLKYVTESLK,0.250130046,0.487311655,0.789907314,0.774592173,0.331
HLA-A*30:01,RAKLLGAEEK,0.308694874,0.301285857,0.453459323,0.63770134,0.253
HLA-B*27:05,FGRAKLLGA,0.060735364,0.101161222,0.08565998,0.07873098,0.061
HLA-B*07:02,IPMNVNPNI,0.358293466,0.374411094,0.551891923,0.503044929,0.541
HLA-B*44:02,DDTFEVYSEY,0,0.078585801,0.129180018,0.129679971,0.181
HLA-B*27:05,LAKLLGAEEK,0,0.04662444,0.078126029,0.080219028,0.071
HLA-A*03:01,NANPNANPNK,0,0.074037889,0.199025991,0.186164003,0.233
HLA-A*31:01,GLAKLLGAEEK,0.356141067,0.128285348,0.08777202,0.107843973,0.156
HLA-A*03:01,DTFEVYSEY,0,0.081557576,0.111707996,0.11710397,0.376
HLA-A*02:01,FLENFNFPL,0.241042267,0.542693877,0.870497996,0.887988373,0.73
HLA-A*11:01,KITDFGDAK,0.395456189,0.500469506,0.604954732,0.584927434,0.378
HLA-B*44:02,AEISRNDLI,0.22185468,0.378598702,0.562834002,0.57686656,0.482
HLA-B*08:01,FLHEKQHEL,0.57437481,0.634161258,0.716914391,0.724240219,0.424
HLA-A*11:01,VKIPVAIKTSP,0.084686646,0.065419339,0.012645,0.012139974,0
HLA-A*11:01,KITDFGNAK,0.537518591,0.590684128,0.635133358,0.639292015,0.391
HLA-A*03:01,VAIKTSPK,0.241067358,0.168941595,0.187885987,0.184471066,0.264
HLA-A*01:01,FTYDSEEYY,0.545820232,0.65751518,0.79661761,0.683247672,0.425
HLA-A*01:01,TMANQNMNY,0.296762796,0.335662028,0.41318978,0.39804749,0.403
HLA-A*03:01,AIKTSPKANKE,0.318412187,0.269567615,0.204922072,0.163505992,0
HLA-B*27:05,KRHEVPVPL,0.370583919,0.440497309,0.666717646,0.506137577,0.492
HLA-A*02:01,KNIDGYFKIY,0.133350458,0.111445303,0.04886501,0.053305981,0
HLA-B*07:02,FVLENGVCI,0,0.074655879,0.103788969,0.098250983,0.32
HLA-A*02:01,QLPDSVNQL,0.57437481,0.505896401,0.454229428,0.457762189,0.568
HLA-A*24:02,DFVIIPHYTF,0.476385935,0.517492247,0.452344444,0.41559269,0.326
HLA-A*01:01,NVDENANAN,0,0.066135523,0.075978978,0.068994007,0.274
HLA-A*03:01,LSYNSIYHK,0.257983394,0.38075999,0.71857108,0.68543459,0.512
HLA-B*44:02,MPNDPNRNV,0,0.135262904,0.081930992,0.051558016,0.105
HLA-A*03:01,FGRAKLLGA,0,0.057223037,0.055390002,0.052891029,0.103
HLA-A*29:02,IFVYIPLFL,0.43660356,0.350645483,0.473632569,0.479986261,0.326
HLA-A*03:01,KLILWRGLK,0.50898132,0.531630057,0.677968236,0.733170793,0.459
HLA-A*03:01,KHIKEYLNK,0,0.067747813,0.23006097,0.15589895,0.321
HLA-A*01:01,FNDVPIKMEY,0.425995625,0.455168539,0.296584174,0.476533315,0.234
HLA-A*03:01,RLKCPFYGK,0.490058599,0.55269379,0.698627352,0.737873538,0.5
HLA-B*15:01,STSAFVETV,0.144769919,0.110710996,0.156525974,0.151502945,0.208
HLA-A*26:01,FASEAARVV,0.390143785,0.183162008,0.094003975,0.104018984,0.174
HLA-B*07:02,RVAKNTKKL,0.265383719,0.2140001,0.549255874,0.395409522,0.315
HLA-A*02:01,NATNVVIKV,0.347447223,0.279807782,0.201349968,0.210200092,0.345
HLA-A*24:02,YLNKYVYTI,0.546638143,0.496536654,0.432203312,0.429592774,0.449
HLA-B*07:02,KPEKYGNTTA,0,0.180783454,0.507069854,0.482876892,0.392
HLA-B*07:02,NPDPNANPNV,0,0.065599029,0.271690922,0.200743071,0.323
HLA-A*02:01,IKTSPKANK,0.084686646,0.087113316,0.011161984,0.01116699,0
HLA-B*27:05,RAKLLGAEEK,0.144370635,0.105495313,0.191897916,0.159418973,0.142
HLA-B*44:02,NEEPSDQHI,0,0.102522358,0.335652938,0.204394056,0.383
HLA-A*01:01,TSKQGSSNKY,0,0.148938152,0.207604008,0.295426045,0.167
HLA-A*03:01,FCFSFLKSSK,0.15631549,0.24608458,0.304921281,0.300142083,0.237
HLA-A*03:01,NLNLCGKYTK,0,0.218748164,0.398026919,0.386056321,0.264
HLA-A*03:01,KIPVAIKTSP,0.084686646,0.098776993,0.075137024,0.040929981,0.008
HLA-B*27:05,FRFFTRKSL,0.871874051,0.740652776,0.695730707,0.623990192,0.434
HLA-A*24:02,HYGINPVQL,0.184502631,0.306544551,0.344069799,0.428745737,0.436
HLA-A*03:01,IPVAIKTSP,0.084686646,0.069123961,0.032782034,0.017853015,0
HLA-A*03:01,IKTSPKANKEI,0.084686646,0.080563091,0.031542007,0.022032019,0
HLA-A*11:01,KIPVAIKT,0.084686646,0.080152869,0.020917003,0.019894012,0.011
HLA-B*18:01,EEFEPSTQYEY,0.991191115,0.889843774,0.578795014,0.627666971,0.456
HLA-B*07:02,HPIEVENNF,0,0.206240034,0.30472819,0.297502938,0.497
HLA-A*03:01,IPVAIKTS,0.084686646,0.078436647,0.016578969,0.015271011,0
HLA-A*02:01,KMKSDQYPI,0.257983394,0.379568774,0.518952202,0.532490835,0.555
HLA-A*02:01,SLFITSDHL,0.180130756,0.337625468,0.501125627,0.512372574,0.648
HLA-A*11:01,LAKLLGAEEK,0,0.044812584,0.278671124,0.268766028,0.19
HLA-B*27:05,YRHLFKVFR,0.607339898,0.644048357,0.696732502,0.651649424,0.519
HLA-B*15:01,FASEAARVV,0.275190436,0.176055223,0.177561023,0.180967,0.236
HLA-A*24:02,LFGDENFSF,0.197939123,0.290081897,0.483819238,0.531911083,0.549
HLA-A*31:01,FGLAKLLGA,0.164331076,0.073871133,0.047069001,0.075785972,0.061
HLA-A*03:01,RTFKKMMDEY,0,0.364002664,0.662402139,0.583784547,0.366
HLA-A*03:01,PVAIKTSP,0.084686646,0.074068816,0.016272016,0.014253984,0
HLA-B*07:02,NPQQSVGENG,0,0.046862586,0.068338989,0.079100002,0.267
HLA-A*02:01,GLAKLLGAEEK,0,0.057220241,0.051424041,0.045225027,0.161
HLA-B*18:01,LEDKAFQL,0.671402873,0.598911446,0.197826044,0.182401051,0.327
HLA-A*01:01,VATSRTLSY,0.090646582,0.179674107,0.344941252,0.379568442,0.314
HLA-A*24:02,SLTHKYNEF,0.127308852,0.157178113,0.246752992,0.267693042,0.303
HLA-A*26:01,VATSRTLSY,0.133155068,0.088174695,0.136731047,0.207465037,0.24
HLA-A*26:01,ELPDEFVVV,0.18358191,0.218963313,0.203088061,0.20885308,0.214
HLA-A*03:01,RLSHTDIHK,0.310636272,0.340513891,0.564231269,0.640361589,0.437
HLA-B*35:01,FAFRDLCIVY,0.63660756,0.737033486,0.743344632,0.753678622,0.459
HLA-A*11:01,PVAIKTSPK,0.384289163,0.340277264,0.390127417,0.402598957,0.334
HLA-A*11:01,IPVAIKTSPKA,0.084686646,0.084343466,0.192400927,0.137394989,0
HLA-A*02:01,VKIPVAIKT,0.084686646,0.077852936,0.059358,0.024254032,0.135
HLA-A*24:02,VFNVVNSSI,0.135087938,0.178159472,0.266919052,0.352866829,0.386
HLA-A*02:01,YLNKYVYTI,0.460700308,0.741017616,0.869366729,0.905169813,0.797
HLA-B*07:02,LPIKSTEEEK,0,0.102520645,0.093608032,0.082945988,0.182
HLA-A*02:01,YVGDNINNV,0.306317368,0.396322358,0.645503472,0.690878413,0.641
HLA-A*03:01,RIAGKALKK,0.398713736,0.563242549,0.681052663,0.736154983,0.502
HLA-A*31:01,HVKITDFGL,0.219138195,0.108184209,0.201895973,0.144031015,0.209
HLA-A*33:01,FGRAKLLGA,0,0.040328449,0.028093997,0.055875004,0.031
HLA-A*03:01,ILNNSKFNK,0.44176152,0.541001475,0.703728871,0.731486146,0.455
HLA-A*03:01,CVCTYNYYKK,0.114983927,0.224930288,0.476219614,0.448486971,0.338
HLA-A*24:02,IFFNNENSI,0.626506249,0.553161669,0.318044963,0.34971601,0.421
HLA-A*01:01,ASDQPKQYEQ,0,0.068825501,0.098930031,0.090684987,0.139
HLA-B*07:02,TPGPLDNTSE,0,0.01031149,0.089395001,0.081763971,0.28
HLA-B*07:02,LPDINKSKF,0.409516783,0.313171691,0.330993313,0.406172702,0.451
HLA-A*24:02,GYSTKAENKI,0.305306162,0.22989099,0.223569955,0.169211,0.328
HLA-A*02:01,LEDKAFQL,0.235989754,0.122246948,0.140931937,0.102395019,0.205
HLA-B*07:02,HPYDINNKND,0,0.039933762,0.070919988,0.060212012,0.259
HLA-B*07:02,RPYISKNDL,0.492085014,0.592880571,0.726321487,0.749712967,0.528
HLA-A*02:01,KVKIPVAIKT,0.084686646,0.118792593,0.110626986,0.110326018,0.078
HLA-A*01:01,GRAKLLGAEEK,0,0.036149296,0.018585027,0.013961008,0.02
HLA-A*01:01,YIDTIKFIHK,0.323657472,0.235204588,0.112516969,0.150407033,0.365
HLA-A*01:01,ITNKNKVTIY,0,0.121513489,0.291515026,0.318682028,0.283
HLA-A*11:01,KIPVAIKTS,0.084686646,0.073956038,0.038242982,0.037679021,0.051
HLA-A*03:01,RISGWKGDNK,0.41716987,0.48036238,0.622812008,0.568632606,0.329
HLA-A*01:01,FGRAKLLGA,0,0.069476363,0.068516032,0.034516999,0.082
HLA-B*44:02,DEYIHKLIL,0,0.116074425,0.149909947,0.261058931,0.323
HLA-A*02:01,VAIKTSPKA,0.084686646,0.075001308,0.079465043,0.092289987,0.274
HLA-A*03:01,RIKPGSADK,0.09622353,0.266294855,0.5043051,0.604800457,0.395
HLA-A*03:01,ALNLFFQNK,0.349614435,0.474535793,0.621264101,0.648669799,0.422
HLA-A*11:01,KITDFGSAK,0.607339898,0.610754275,0.668287184,0.651862922,0.362
HLA-A*02:01,IPVAIKTSP,0.084686646,0.07260235,0.021799021,0.016489993,0
HLA-B*27:05,ARFAVNLRL,0.807811076,0.691761136,0.719989596,0.718967842,0.414
HLA-A*01:01,KMEKCSSVF,0,0.07982787,0.098716949,0.106012973,0.247
HLA-B*44:02,KEYNNSEITI,0.140269001,0.220871794,0.394486382,0.343101218,0.337
HLA-A*03:01,FVCSNRDFLK,0,0.210137159,0.434744769,0.491032487,0.333
HLA-A*11:01,KITDFGKAK,0.456501526,0.406045708,0.510751892,0.532920671,0.331
HLA-A*03:01,KQFSAMALK,0.506598101,0.560966074,0.716741718,0.749221353,0.495
HLA-A*02:01,AIKTSPKANKE,0.084686646,0.072018242,0.010958015,0.012084004,0
HLA-A*03:01,QLDYENDIEK,0,0.08873765,0.363110259,0.322875771,0.16
HLA-B*44:02,KDELDYENDI,0,0.021464077,0.179507019,0.150518038,0.067
HLA-A*03:01,TTYSPIGEK,0.59327025,0.619284594,0.753165514,0.737982016,0.556
HLA-B*07:02,SVTCGNGIQV,0,0.100785156,0.094792016,0.065410973,0.162
HLA-A*02:01,NLFFQNKSI,0,0.088915695,0.320010746,0.336487659,0.502
HLA-B*08:01,DMKARQKAL,0.57437481,0.633649635,0.769264608,0.769264608,0.461
HLA-B*07:02,MPKAVIGSSP,0,0.129151618,0.223942005,0.334277815,0.366
HLA-B*27:05,RRFSSLYSF,0.64221069,0.674296725,0.774350543,0.769799069,0.538
HLA-A*03:01,CLFFGIPWK,0.280995713,0.374541366,0.726849211,0.679627381,0.481
HLA-A*01:01,SECDIGLIY,0,0.168986854,0.103335963,0.191485933,0.288
HLA-B*07:02,LPPPPPNNL,0.417271137,0.300041252,0.387480347,0.402721509,0.473
HLA-A*01:01,HREHPKEYEY,0.139504855,0.133986056,0.09802104,0.069345006,0.088
HLA-B*08:01,HVKITDFGL,0.430315311,0.283079208,0.164281971,0.205402951,0.341
HLA-A*01:01,FGLAKLLGA,0,0.069186494,0.074948011,0.045141994,0.076
HLA-A*11:01,KITDFGRAK,0.500666535,0.528679216,0.529326411,0.573290599,0.31
HLA-A*03:01,KLYQCNECK,0.245724885,0.378065413,0.677826591,0.656038365,0.486
HLA-B*27:05,FRFFATPAL,0.762938825,0.689187872,0.663051232,0.638142502,0.501
HLA-B*15:01,EIKESVQTF,0.214040706,0.265004167,0.485814758,0.374583191,0.382
HLA-A*02:01,VLLLSAFEFT,0,0.226963609,0.382810696,0.420641738,0.497
HLA-B*40:01,SEYRHYCYSL,1,0.775247836,0.660740231,0.626408824,0.562
HLA-B*07:02,KAFQLTPIAV,0.162710671,0.112256284,0.137481999,0.148198024,0.171
HLA-A*01:01,DTDSNHTPSN,0.197781887,0.151390125,0.094021048,0.097889009,0.159
HLA-B*08:01,FGLAKLLGA,0.696732502,0.655716103,0.250225037,0.283771013,0.21
HLA-A*03:01,IPVAIKTSPKA,0.084686646,0.080402038,0.241997004,0.173199042,0
HLA-A*03:01,QLDYANDIEK,0,0.13946431,0.464098557,0.409151045,0.197
HLA-A*02:01,EKVKIPVAIKT,0.084686646,0.096495469,0.049678041,0.02933698,0
HLA-A*11:01,GRAKLLGAEEK,0,0.038209113,0.170866019,0.111789995,0.079
HLA-B*44:02,RLNLFCFSF,0,0.081300825,0.145980018,0.141650061,0.267
HLA-B*44:02,GEEKRASHTT,0.148564958,0.198993137,0.097229024,0.097599045,0.166
HLA-A*03:01,HIYVQKKVK,0.371577672,0.337729347,0.567398839,0.468351524,0.415
HLA-A*01:01,QVDYYGLYY,0.732862201,0.819948578,0.866488644,0.803191764,0.535
HLA-A*02:01,SMTNIPMNV,0.492047081,0.629805672,0.72193067,0.786359316,0.648
HLA-B*15:01,SEFSSLPSY,0.821482348,0.693646157,0.593213573,0.503233077,0.46
HLA-A*03:01,LAKLLGAEEK,0.012822635,0.033009112,0.159556937,0.172361054,0.154
HLA-A*03:01,RLFLGLAIK,0.494467785,0.635445929,0.716011434,0.763580904,0.483
HLA-B*07:02,KPNVNHTEL,0.386163601,0.530209547,0.775483593,0.777792235,0.545
HLA-B*44:03,EILDITPCSF,0.141542537,0.121801934,0.047752024,0.069102985,0.181
HLA-A*24:02,NYKQNNFPF,0.153558444,0.318129885,0.571840507,0.680730783,0.563
HLA-A*03:01,SVFNVVNSSI,0,0.028924412,0.111733009,0.120640997,0.242
HLA-B*51:01,NATNVVIKV,0.419199359,0.36195268,0.138114959,0.297530208,0.303
HLA-B*44:02,NEKNDVKNN,0,0.052497908,0.117604016,0.090758044,0.226
HLA-A*03:01,PVAIKTSPK,0.420414331,0.286177981,0.323417985,0.343851306,0.351
HLA-B*44:02,EEERLSHTDI,0.088869625,0.232157841,0.340136106,0.310021985,0.301
HLA-B*44:02,KEKFYKNNLY,0,0.201890245,0.426712919,0.4627049,0.313
HLA-B*15:01,KAFQLTPIAV,0.344480679,0.264324531,0.189675917,0.215258021,0.163
HLA-A*24:02,KMKSDQYPI,0.182991,0.193506455,0.231647959,0.231002057,0.36
HLA-A*11:01,PVAIKTSP,0.084686646,0.065591657,0.01471,0.009748985,0
HLA-A*02:01,IKTSPKAN,0.084686646,0.049179956,0.006937019,0.003356994,0
HLA-A*02:01,VQYFFLRPYI,0,0.185486689,0.558554121,0.501620656,0.443
HLA-A*11:01,VKIPVAIKT,0.084686646,0.068847768,0.024264991,0.015708989,0
HLA-A*03:01,IKTSPKANK,0.102387911,0.067160939,0.108363971,0.096696041,0.119
HLA-A*11:01,HVKITDFGR,0.105117585,0.089643449,0.229530958,0.220602019,0.43
HLA-A*11:01,FGRAKLLGA,0,0.044553164,0.040391034,0.032872025,0.034
HLA-B*44:02,DEFVVVTV,0.266566544,0.239987803,0.062916998,0.095947975,0.284
HLA-A*03:01,KTSPKANKEIL,0.084686646,0.08749918,0.039884976,0.039245004,0.11
HLA-A*03:01,IKTSPKAN,0.084686646,0.072039433,0.011225997,0.007444016,0
HLA-B*07:02,NPLGEADSL,0.364539478,0.296141364,0.412388612,0.296279025,0.473
HLA-A*31:01,GRAKLLGAEEK,0.215351072,0.082270834,0.165899026,0.135964978,0
HLA-A*11:01,VAIKTSPKANK,0.316406021,0.259207985,0.286482807,0.334189109,0.259
HLA-A*03:01,VTCGNGIQV,0,0.07277274,0.06337701,0.059564012,0.201
HLA-B*07:02,HPKYRNFKF,0.462390694,0.476429951,0.531823558,0.508872062,0.474
HLA-A*03:01,RSSGSTFSIK,0.465098957,0.558771288,0.638013612,0.633296838,0.398
HLA-A*11:01,IKTSPKAN,0.084686646,0.064660785,0.011188039,0.004408009,0
HLA-B*44:02,SECDIGLIY,0,0.239296886,0.417971221,0.589221542,0.516
HLA-A*03:01,MDFPKLLNK,0.293963243,0.260671762,0.488922383,0.262047117,0.415
HLA-A*03:01,RAKLLGAEEK,0.18778512,0.141068697,0.291001879,0.304739184,0.231
HLA-A*24:02,SYRYDISEEI,0.455270564,0.411007321,0.354700301,0.462440234,0.344
HLA-A*02:01,KVKDSWITL,0.233228547,0.226829761,0.26285805,0.244853857,0.372
HLA-B*07:02,TPSNKKKNDL,0.303267146,0.358452642,0.36085695,0.342570648,0.396
HLA-A*02:01,KTSPKANK,0.084686646,0.076285231,0.011191022,0.012318013,0
HLA-A*24:02,YYPIIRKQF,0.573363704,0.664978707,0.646083935,0.543766743,0.584
HLA-B*27:05,GRWALHSAF,0.610019023,0.655543399,0.735254835,0.812430244,0.476
HLA-B*44:02,VENNFPCSLY,0.195638912,0.378852981,0.642964697,0.627782202,0.411
HLA-B*18:01,KAFQLTPIAV,0.236442168,0.116165556,0.040475003,0.050421002,0.086
HLA-A*31:01,LAKLLGAEEK,0.047474755,0.048426098,0.210810007,0.202305047,0.107
HLA-B*07:02,LLNSDRRDL,0.510265636,0.519162709,0.168004977,0.176115058,0.267
HLA-A*02:01,EILDITPCSF,0.157577916,0.135561454,0.161395002,0.119198033,0.18
HLA-A*30:01,LAKLLGAEEK,0.027097401,0.046659195,0.210745996,0.341939155,0.176
HLA-A*03:01,KIFNFYPRK,0.77427014,0.716448355,0.822289544,0.817805935,0.56
HLA-A*24:02,YGKGGFQFVF,0.496913616,0.420331019,0.334244798,0.26964592,0.297
HLA-A*01:01,STDPHTNSNN,0,0.070614319,0.082442982,0.144873998,0.232
HLA-A*02:01,FLLNLLNEHV,0.313558565,0.530772102,0.818451803,0.862855352,0.786
HLA-A*03:01,LTMKMINNK,0.431049423,0.493445301,0.649374533,0.640173047,0.456
HLA-A*01:01,NTNGIRYHY,0.225027346,0.294255441,0.489252952,0.426975139,0.39
HLA-B*44:02,NEIDKLTFSL,0,0.224512957,0.426079177,0.421144011,0.319
HLA-B*07:02,YPIEKLGHV,0.48727984,0.478793955,0.41039988,0.47242856,0.473
HLA-A*68:01,FGRAKLLGA,0,0.015106487,0.010445002,0.038299028,0
HLA-B*07:02,TIIYIHLFIL,0.119599808,0.129972607,0.100065014,0.074831009,0.204
HLA-A*02:01,IPVAIKTSPKA,0.084686646,0.072781309,0.022245993,0.034152025,0.033
HLA-A*03:01,NSIYHKSSTY,0,0.09719647,0.483708281,0.341937661,0.144
HLA-A*03:01,RLNLFCFSFL,0.194161812,0.14871237,0.31681005,0.283331903,0.251
HLA-B*18:01,DEFVVVTV,1,0.889430332,0.802972231,0.589091399,0.304
HLA-A*03:01,VAIKTSPKANK,0.304604843,0.269506621,0.250375062,0.260402971,0.215
HLA-A*11:01,AVEEVSLRK,0.636879794,0.59387219,0.606015891,0.642790148,0.437
HLA-A*02:01,PVAIKTSPK,0.084686646,0.075890286,0.018011999,0.025951023,0
HLA-A*02:01,SMIKSAFLPT,0.12797819,0.289966288,0.43503902,0.541757889,0.483
HLA-A*11:01,PVAIKTSPKA,0.135183656,0.098180531,0.117241034,0.069553957,0
HLA-A*11:01,VAIKTSPKAN,0.084686646,0.056918509,0.028897002,0.020618011,0.019
HLA-B*44:02,EENYRCTQDI,0,0.1960217,0.623375662,0.381903273,0.38
HLA-A*03:01,VAIKTSPKAN,0.084686646,0.074706565,0.024236971,0.026714022,0
HLA-A*02:01,APRITFGGP,0.372021644,0.119453925,0.035197016,0.01920401,0
HLA-A*11:01,VKIPVAIKTS,0.084686646,0.06098838,0.01812602,0.020690032,0
HLA-A*02:01,ILDMSNEYSL,0.18344728,0.390721446,0.627699879,0.65369785,0.574
HLA-A*02:01,YITNKNKVTI,0,0.045700711,0.233402076,0.190787958,0.331
HLA-A*01:01,STDIIFLTMK,0,0.120792937,0.244993048,0.28153186,0.405
HLA-B*44:02,KDLSDMTNI,0,0.08142855,0.118051006,0.104369973,0.215
HLA-B*27:05,GRWTGRCM,0.762938825,0.666429424,0.453451829,0.487691365,0.362
HLA-A*24:02,WYKYTESDF,0.276617146,0.350315845,0.406621583,0.379872159,0.446
HLA-A*02:01,VIHYGINPV,0.31262858,0.431036371,0.604147648,0.516355603,0.591
HLA-B*27:05,FGLAKLLGA,0.240628993,0.125911489,0.096073967,0.086961029,0.134
HLA-A*02:01,KIPVAIKTSPK,0.084686646,0.070451935,0.027403,0.028914995,0.046
HLA-A*68:01,RAKLLGAEEK,0.050510737,0.120000599,0.179497995,0.183001978,0.216
HLA-A*03:01,PSHNSFIKK,0,0.089569131,0.291576987,0.258834996,0.334
HLA-B*07:02,ITSDHLRQM,0,0.067138726,0.167236969,0.144486003,0.302
HLA-B*08:01,GRAKLLGAEEK,0,0.040720895,0.024196038,0.02513998,0
HLA-A*01:01,DTFEVYSEY,0,0.16210027,0.384731061,0.382362815,0.344
HLA-B*07:02,NPNVDPNANP,0,-0.00210216,0.040121008,0.063229976,0.222
HLA-B*44:02,SEITISDYI,0.206094094,0.356690443,0.551812245,0.636011453,0.439
HLA-A*03:01,LICGVSPYK,0.442026027,0.531745851,0.618795294,0.610632681,0.449
HLA-A*03:01,FGLAKLLGA,0,0.055154252,0.054490975,0.051720971,0.129
HLA-A*02:01,VKIPVAIKTS,0.084686646,0.063900289,0.047384985,0.035335004,0
HLA-A*26:01,STSAFVETV,0.131399579,0.118023747,0.146519038,0.181357063,0.318
HLA-B*07:02,KPNFWRFQDY,0,0.111213815,0.217339895,0.270171852,0.237
HLA-B*44:03,KAFQLTPIAV,0.102819862,0.117310581,0.032317992,0.053673035,0.083
HLA-A*30:01,GRAKLLGAEEK,0,0.058380285,0.125891974,0.280444982,0
HLA-B*44:02,YENDIEKKI,0.177142507,0.204276226,0.332297181,0.437877923,0.414
HLA-A*01:01,NKNDDSYRY,0.186080913,0.089690834,0.082273009,0.07062899,0.166
HLA-A*03:01,ATCKYGFNK,0.217514385,0.320966095,0.563768656,0.580231296,0.467
HLA-A*02:01,YLKIIQNSL,0.215152551,0.218580616,0.452547051,0.470865325,0.47
HLA-B*07:02,KPHECVCNKQ,0,0.064319906,0.119712,0.102271015,0.247
HLA-A*02:01,DMSNEYSLFI,0,0.22356838,0.281414906,0.266154123,0.406
HLA-B*07:02,NPNANPNAN,0,0.047574106,0.125387996,0.109551034,0.401
HLA-A*02:01,YIFFNNENSI,0.265579808,0.256085536,0.385171502,0.451133169,0.507
HLA-B*15:01,VATSRTLSY,0.483607842,0.380302167,0.42701266,0.514354703,0.344
HLA-A*33:01,LAKLLGAEEK,0.083336546,0.035708502,0.082507954,0.101623998,0.145
HLA-A*02:01,VLNGNDNTI,0.177760304,0.218263224,0.337764765,0.345031634,0.56
HLA-A*02:01,AIKTSPKA,0.084686646,0.046230054,0.028510983,0.026342992,0.185
HLA-A*02:01,HVKITDFGL,0,0.112952508,0.128924973,0.148570032,0.316
HLA-A*24:02,AYVSCYRVSF,0.626506249,0.675344658,0.600987996,0.624752188,0.51
HLA-A*11:01,KTSPKANKEIL,0.084686646,0.083135095,0.042450023,0.037783982,0.143
HLA-A*02:01,LAKLLGAEEK,0,0.020262918,0.035345029,0.029890003,0
HLA-A*03:01,KVINLSPFK,0.43050219,0.538664699,0.729980846,0.767082759,0.526
HLA-B*51:01,DEFVVVTV,0.125998997,0.15384206,0.066793963,0.109604995,0.188
HLA-B*18:01,VGYLQPRTF,0.393607661,0.238582489,0.091297027,0.125587977,0.32
HLA-B*44:02,KEEKEINDEY,0,0.20028308,0.310661845,0.335590114,0.28
HLA-A*24:02,YYRSSRGECI,0.52244224,0.492434096,0.514113627,0.340790047,0.377
HLA-A*01:01,NNNFRNNMY,0,0.088415615,0.166365967,0.203210935,0.245
HLA-A*01:01,LSTEWSPCS,0,0.057391152,0.071107993,0.07735799,0.138
HLA-A*24:02,NYNNDQYNI,0.187982867,0.30907875,0.367442337,0.49721793,0.51
HLA-A*03:01,TLYSPRGEK,0.442424214,0.624883127,0.794793406,0.769112471,0.519
HLA-A*31:01,RAKLLGAEEK,0.380209667,0.26913766,0.331608853,0.367531024,0.184
HLA-A*02:01,RAKLLGAEEK,0,0.046410558,0.032890968,0.027501989,0
HLA-B*07:02,KPGSADKPKD,0,0.044407681,0.106031018,0.04306101,0.156
HLA-A*11:01,GLAKLLGAEEK,0,0.113713068,0.196303965,0.247194108,0.287
HLA-B*07:02,STSAFVETV,0.159905097,0.11481538,0.074281981,0.069995983,0.188
HLA-B*51:01,FASEAARVV,0.507132341,0.349820602,0.282329994,0.360959735,0.379
HLA-A*01:01,RAKLLGAEEK,0,0.062797022,0.022131968,0.029587972,0.088
HLA-A*30:01,FGLAKLLGA,0.16085737,0.135331321,0.142417036,0.215659947,0.147
HLA-A*11:01,KIPVAIKTSP,0.084686646,0.072875415,0.022369035,0.03090102,0
HLA-A*24:02,NFGRGQNYW,0.497999306,0.567385912,0.270392165,0.352976255,0.321
HLA-A*24:02,LIMVLSFLF,0.088075254,0.127372278,0.56933883,0.39944607,0.436
HLA-A*11:01,KTSPKANK,0.313010382,0.286838931,0.318307944,0.283888994,0.376
HLA-A*02:01,FLQYHFKEL,0.114039521,0.311002496,0.642249207,0.653219422,0.63
HLA-A*33:01,RAKLLGAEEK,0.031426313,0.053493991,0.033657018,0.064517965,0.123
HLA-A*01:01,SADKPKDQLD,0.158806287,0.067942441,0.021458991,0.041369017,0.074
HLA-A*03:01,SLLTPPSTK,0.505188375,0.595739079,0.791346212,0.722250553,0.446
HLA-B*27:05,ARWTAFFGV,0.42111584,0.565679336,0.737440894,0.75549727,0.477
HLA-A*24:02,EYPLHQEHTY,0.36167319,0.10734928,0.165302009,0.133477996,0.241
HLA-B*08:01,DMKARQEAL,0.57437481,0.600925034,0.64484735,0.743000197,0.461
HLA-A*68:01,HVKITDFGR,0.566172867,0.619096255,0.740178752,0.739348846,0.522
HLA-B*44:03,LEDKAFQL,0.506686927,0.373018891,0.072826051,0.084862001,0.286
HLA-B*44:02,SKHPFLKSGF,0,0.104190639,0.097424961,0.101183997,0.116
HLA-A*03:01,KIPVAIKT,0.084686646,0.096140268,0.032427011,0.029223023,0.051
HLA-A*01:01,FLDYYKHLSY,0.401947126,0.526018804,0.773789185,0.767380659,0.421
HLA-A*02:01,PVAIKTSPKA,0.084686646,0.040577626,0.02928799,0.041594988,0.167
HLA-A*01:01,STEWSPCSV,0.254755725,0.182474555,0.378874771,0.273022018,0.246
HLA-A*02:01,EILDITPCSFG,0.170442319,0.149115519,0.091785013,0.048442005,0.178
HLA-A*02:01,VLEKGIPTL,0.510311836,0.555624247,0.536629661,0.575014742,0.585
HLA-B*07:02,FNRIEYHTKI,0,0.051196501,0.040163988,0.057942991,0.227
HLA-B*27:05,KRFLHRQPL,0.603461427,0.697642756,0.722296341,0.696663063,0.454
HLA-A*68:01,FGLAKLLGA,0,0.038099767,0.016037994,0.050607016,0.019
HLA-A*02:01,VAIKTSPKAN,0.084686646,0.052597214,0.021305026,0.023859988,0
HLA-A*03:01,VKIPVAIKTS,0.084686646,0.074273193,0.023338012,0.024497985,0
HLA-A*03:01,FIDPQTEMFK,0.168270813,0.308543536,0.549284049,0.463456144,0.29
HLA-A*02:01,GLITLSYHL,1,0.888029611,0.762230596,0.798269915,0.717
HLA-A*03:01,HVKITDFGL,0,0.066215403,0.061652021,0.052250013,0.206
HLA-A*02:01,VIIPHYTFL,0.409547845,0.487443101,0.575238369,0.517667299,0.572
HLA-A*01:01,KSAIVTLTY,0.77837852,0.714857805,0.550918771,0.512396204,0.429
HLA-A*01:01,VTCGNGIQV,0,0.120828786,0.12638101,0.093728018,0.242
HLA-A*02:01,QMVSSVTFI,0.510311836,0.587080503,0.621310163,0.588885713,0.627
HLA-A*02:01,KMYSEFKSI,0.359280042,0.387438005,0.575827979,0.609964672,0.64
HLA-A*02:01,IKTSPKANKEI,0.084686646,0.093833861,0.029071982,0.020897975,0
HLA-A*03:01,VKIPVAIKT,0.084686646,0.06990938,0.021031974,0.017996008,0
HLA-B*07:02,HPMPINIKL,0.526316195,0.563295382,0.741128411,0.697254965,0.64
HLA-A*02:01,PVAIKTSPKAN,0.084686646,0.062168631,0.011340028,0.009786007,0
HLA-A*24:02,HPFLKSGFTF,0.14407318,0.180703184,0.544105838,0.579183634,0.138
HLA-B*07:02,NPEDRNSNTL,0.269625751,0.264723015,0.41346649,0.336448913,0.45
HLA-A*24:02,PFLKSGFTF,0.165792828,0.354793876,0.620789467,0.704405692,0.49
HLA-A*02:01,AIKTSPKAN,0.084686646,0.046238431,0.014473971,0.009048996,0
HLA-A*33:01,GLAKLLGAEEK,0,0.043409172,0.031957038,0.03667802,0.091
HLA-A*03:01,LSSYVSLPLK,0.400753082,0.487759125,0.679195428,0.673485891,0.351
HLA-A*01:01,SIEIVERSNY,0.130910605,0.258585367,0.129385985,0.218347057,0.222
HLA-B*27:05,YRHYCYSL,0.770336639,0.675998652,0.626376372,0.475148921,0.405
HLA-A*01:01,NLFEQLSCY,0,0.136095518,0.205135998,0.259696974,0.311
HLA-A*03:01,KLKLPIIMK,0.671139183,0.681492925,0.708850908,0.736581636,0.425
HLA-A*02:01,SLEDKAFQL,0.723124431,0.650284338,0.557354756,0.597777899,0.614
HLA-A*24:02,DMKNYGTNLF,0.207340037,0.192800912,0.180792974,0.15152599,0.217
HLA-A*68:01,LAKLLGAEEK,0.297067709,0.218893155,0.287712083,0.310864015,0.226
HLA-A*02:01,FLPTGAFKA,0.331060397,0.531878173,0.705659553,0.703616547,0.685
HLA-A*24:02,IWRTFQKDEL,0.405001518,0.385029852,0.130431028,0.184791974,0.184
HLA-A*03:01,NSYKEWISKK,0.176916594,0.278571573,0.526431659,0.464120983,0.333
HLA-A*03:01,IKTSPKANKE,0.084686646,0.057456866,0.040867974,0.032066991,0
HLA-A*03:01,KISSFINQRK,0.468005862,0.519027764,0.654552106,0.684974695,0.362
HLA-A*24:02,PFHKKFISFF,0.669728112,0.577328551,0.40127571,0.372852311,0.282
HLA-B*07:02,MIRIKKKLIL,0,0.086281659,0.31715181,0.293316148,0.307
HLA-A*01:01,NEDYKNVDY,0.159291884,0.119875489,0.142109963,0.140621032,0.26
HLA-A*24:02,EYLNKIQNSL,0.120917156,0.193539047,0.279339978,0.280703945,0.354
HLA-A*11:01,FGLAKLLGA,0,0.035044873,0.048627016,0.049787994,0.118
HLA-A*01:01,NSPNVNKRY,0,0.093603078,0.145719016,0.181823965,0.212
HLA-B*27:05,KPILWRGLK,0.222782742,0.175808433,0.124980966,0.102271965,0.211
HLA-B*15:01,HADQLTPTW,0.121459029,0.081034711,0.069886971,0.089219964,0.123
HLA-B*08:01,YIHGRGWAL,0.787187405,0.799529088,0.77111006,0.779307406,0.387
HLA-A*24:02,RSLEYLPLRF,0.14874962,0.247631258,0.388663581,0.363724132,0.352
HLA-A*02:01,PVAIKTSP,0.084686646,0.044922444,0.009890971,0.009143003,0
HLA-A*01:01,ELDYANDIEK,0,0.084562959,0.083393991,0.132357021,0.289
HLA-B*44:02,HADQLTPTW,0.208162517,0.195594668,0.105999004,0.124025998,0.255
HLA-A*02:01,HVKITDFGR,0,0.071438856,0.038645032,0.034987978,0
HLA-A*03:01,KTYPCKIFY,0.490393264,0.484445375,0.740624435,0.674709339,0.538
HLA-B*44:02,EEFEPSTQYEY,0.638437785,0.710593331,0.409919839,0.438911498,0.445
HLA-A*02:01,GLEPLDLNTSAGFPYV,0.583091318,0.479929617,None,None,None
HLA-A*01:01,VTDNLDKLSN,0,0.111648443,0.144145959,0.154217968,0.228
HLA-B*44:03,HADQLTPTW,0.307134375,0.289111328,0.093582995,0.121223987,0.274
HLA-A*03:01,VKIPVAIKTSP,0.084686646,0.073445465,0.030408024,0.015348017,0
HLA-A*02:01,FGLAKLLGA,0.568372405,0.431715953,0.232024933,0.286991198,0.43
HLA-A*02:01,KTSPKANKE,0.084686646,0.070788254,0.018509026,0.020854,0.07
HLA-A*01:01,KEDDTFEVY,0,0.099164312,0.128440946,0.148162016,0.312
HLA-B*27:05,HVKITDFGL,0.017665678,0.073672928,0.090376966,0.075066994,0.07
HLA-A*01:01,STEEEKDDIK,0.184014048,0.076083225,0.072116015,0.107088969,0.259
HLA-B*18:01,HADQLTPTW,0.249743337,0.126139086,0.106127009,0.10379897,0.149
HLA-A*01:01,LTPVATGNQY,0.274719719,0.283899328,0.283757073,0.337861978,0.238
HLA-A*01:01,ASFSASTGY,0,0.146341845,0.292105115,0.389327677,0.335
HLA-A*02:01,LLFQKAANL,0.303168824,0.436992776,0.56469621,0.582605091,0.684
HLA-A*02:01,KLGVQYFFL,0.381587079,0.451369548,0.652851417,0.685680806,0.685
HLA-A*02:01,VAIKTSPKANK,0.084686646,0.065576558,0.015441012,0.019761971,0
HLA-B*07:02,KMEKCSSVF,0,0.073788254,0.181866936,0.178517994,0.179
HLA-A*02:01,LISTDIIFL,0.406717948,0.405758893,0.605976852,0.566860474,0.571
HLA-A*11:01,KVKIPVAIKTS,0.136599024,0.228207159,0.080715001,0.069599987,0.051
HLA-B*44:02,LEFVCSNRDF,0.175795241,0.318657947,0.641062559,0.469515137,0.358
HLA-A*03:01,LLLTNLNKK,0.116856364,0.393555731,0.578746552,0.516330939,0.357
HLA-A*03:01,AMYQRAKLK,0.695046087,0.729355991,0.791928102,0.796925175,0.453
HLA-A*03:01,KVMTDPSRK,0.742087929,0.678649652,0.689776579,0.664216554,0.489
HLA-B*51:01,VGYLQPRTF,0.280918436,0.173566867,0.143838006,0.184463993,0.181
HLA-B*44:02,NDVPIKMEYF,0,0.138337491,0.148241949,0.181142009,0.141
HLA-A*26:01,EEFEPSTQYEY,0.0903808,0.234790084,0.063565011,0.088288005,0.129
HLA-A*01:01,NTNVNDGLKY,0.230592247,0.365147984,0.59519509,0.570678834,0.317
HLA-B*07:02,APHGHVMVEL,0.83287192,0.767772949,0.736048627,0.733067815,0.468
HLA-A*03:01,RMLRRRAQK,0.383196496,0.546156108,0.799952297,0.776795748,0.475
HLA-A*03:01,SAFLPTGAFK,0.460000536,0.628643107,0.652377339,0.681140643,0.394
HLA-A*30:01,FGRAKLLGA,0.218696262,0.190852907,0.209620957,0.462589015,0.273
HLA-A*02:01,YTIGLPPYI,0.278441472,0.478713334,0.752591652,0.726417213,0.527
HLA-B*07:02,SPCSVTCGNG,0,0.053536507,0.076457008,0.138728978,0.234
HLA-A*03:01,FISDDKDSLK,0,0.126006582,0.31525425,0.273596829,0.236
HLA-B*44:02,IEIVERSNY,0.169015843,0.248369101,0.491744178,0.387817398,0.364
HLA-A*24:02,GYNWGNYNTE,0,0.077324404,0.122481006,0.095790987,0.265
HLA-A*01:01,HLDFVIIPHY,0,0.210833065,0.527728111,0.471306674,0.334
HLA-A*01:01,LAKLLGAEEK,0,0.018398415,0.022719975,0.036767017,0.081
HLA-A*24:02,EYKDEYADI,0.292901911,0.213453442,0.303540048,0.259171985,0.421
HLA-A*01:01,NEEPSDKHIK,0,0.036528443,0.018710009,0.021946006,0.046
HLA-B*44:02,NENNENNFL,0,0.152387425,0.456169091,0.301172075,0.367
HLA-A*02:01,NLFEWSKTV,0.317203269,0.483429611,0.762584032,0.785176135,0.737
HLA-A*03:01,QVFDYPIEK,0.319578428,0.429732352,0.50100855,0.644946464,0.531
HLA-B*27:05,FRQSLYLKI,0.820152493,0.672425669,0.688211398,0.629243208,0.389
HLA-A*11:01,IKTSPKANK,0.084686646,0.084724702,0.097152998,0.075955051,0.079
HLA-B*44:02,DEMLDPEASF,0.136073775,0.268112817,0.672118617,0.433815067,0.356
HLA-A*03:01,KMMDEYNTKK,0.164020588,0.2849704,0.71289811,0.730479894,0.392
HLA-A*02:01,FGRAKLLGA,0.04168798,0.091020751,0.093474987,0.101006011,0.216
HLA-B*15:01,KNIDGYFKIY,0.327284834,0.29461804,0.302818173,0.28375309,0.244
HLA-A*02:01,YLKKIQYSL,0.274107761,0.507142586,0.670928771,0.68297791,0.57
HLA-A*01:01,TTERISNNEY,0.37083902,0.491287822,0.659664169,0.654640171,0.351
HLA-A*26:01,ELPDEFVVVTV,0.604736252,0.480154091,0.055499017,0.089079029,0.139
HLA-A*01:01,HVKITDFGL,0,0.068809533,0.072495985,0.036208983,0.151
HLA-A*02:01,FQYNDDASI,0.480744943,0.375077409,0.558905259,0.593747715,0.57
HLA-A*01:01,NSIYHKSSTY,0,0.080673596,0.283125192,0.28974196,0.21
HLA-A*03:01,RLYKLILWR,0.393594589,0.450714368,0.751517317,0.671746799,0.606
HLA-A*03:01,VAIKTSPKA,0.084686646,0.084316997,0.041404017,0.040840997,0.065
HLA-A*02:01,VKIPVAIKTSP,0.084686646,0.070628653,0.028544004,0.015992997,0
HLA-A*03:01,KIPVAIKTSPK,0.488585686,0.377436018,0.469014228,0.547691588,0.301
HLA-B*07:02,FPPNTFDAL,0.268944662,0.378274935,0.550890093,0.464971545,0.55
HLA-A*02:01,LLMEKEDYHSL,0.57437481,0.616392934,0.499319196,0.639928516,0.66
HLA-A*02:01,HLIDSNTLQV,0.787187405,0.783965552,0.609774696,0.631017223,0.652
HLA-A*11:01,KITDFGAAK,0.666266922,0.614366961,0.664289877,0.67413638,0.361
HLA-A*03:01,KIFTFIENK,0.43199514,0.570754188,0.737225329,0.712608964,0.512
HLA-B*27:05,HRYFFFVAM,0.457801454,0.527086473,0.664903172,0.658922925,0.519
HLA-A*03:01,KLLNKPSLDL,0.282084432,0.19753916,0.186046038,0.172242998,0.197
HLA-B*27:05,KRTNVGILK,0.545956049,0.568239069,0.675976941,0.679714014,0.507
HLA-A*24:02,KYLFIPSHN,0.194071216,0.189059469,0.200192043,0.171726994,0.365
HLA-B*44:02,DENANANSA,0,0.094481172,0.206395041,0.145779946,0.274
HLA-B*44:02,KEYLNKIQNS,0,0.061677103,0.134657003,0.132758992,0.111
HLA-B*07:02,FVIIPHYTF,0.251103958,0.121645047,0.152024973,0.140479957,0.331
HLA-A*24:02,KYDPRISGW,0.212627933,0.202448571,0.328234984,0.440084202,0.413
HLA-B*07:02,KVKDSWITL,0.433734313,0.486091256,0.290509986,0.374403539,0.281
HLA-A*03:01,LDYANDIEK,0,0.129363716,0.194036058,0.08674299,0.304
HLA-A*03:01,ILISRLTLK,0.501418968,0.615230918,0.740960114,0.770954857,0.385
HLA-A*26:01,DEFVVVTV,0.153024512,0.091691874,0.033567003,0.020187977,0.01
HLA-A*02:01,FGDDTVIEV,0.876614748,0.636348289,0.464458018,0.452334572,0.551
HLA-A*68:01,GLAKLLGAEEK,0,0.05577627,0.073630965,0.105592002,0.212
HLA-A*68:01,HVKITDFGL,0,0.101104732,0.109398033,0.153277988,0.314
HLA-A*33:01,GRAKLLGAEEK,0,0.036852881,0.012662,0.030197023,0
HLA-A*01:01,RTFKKMMDEY,0,0.153162095,0.314715988,0.342773309,0.321
HLA-B*44:02,HPFLKSGFTF,0,0.122043394,0.076552048,0.092982014,0.088
HLA-A*26:01,EIKESVQTF,0.810151033,0.776221609,0.689358737,0.607538161,0.345
HLA-A*03:01,AIKTSPKA,0.084686646,0.086539464,0.023105974,0.02762097,0.032
HLA-A*03:01,AIKTSPKAN,0.084686646,0.069954497,0.040927995,0.035589998,0.09
HLA-A*11:01,AIKTSPKANK,0.219480077,0.220754901,0.451604512,0.44114289,0.195
HLA-A*01:01,NSDKLDLIY,0.373914195,0.670383286,0.86605371,0.833175445,0.473
HLA-B*44:02,YENKSLTHYL,0,0.20913817,0.5255501,0.459949606,0.343
HLA-A*24:02,MIIPFHKKF,0.474484805,0.507567185,0.217579953,0.324190733,0.31
HLA-B*08:01,LAKLLGAEEK,0,0.026244909,0.044192009,0.046948009,0.069
HLA-B*44:02,NDNNFAECY,0,0.076013143,0.314864757,0.231474975,0.306
HLA-A*24:02,RLNLFCFSF,0.140269001,0.223406172,0.473617033,0.370173157,0.451
HLA-B*07:02,SPHDTMQKDD,0,0.05511049,0.084281979,0.048048965,0.229
HLA-B*15:01,EILDITPCSF,0.434545049,0.481731308,0.381915943,0.29553908,0.243
HLA-A*24:02,KLPPLLNEI,0.585488584,0.441832301,0.262767876,0.339127893,0.377
