PAE,DeepNeo_TNB,CSIN,NetMHCpan_TNB,mut_num,OS,dead,BR,dataset
24.30737613,499,0.120910747,1646,396,917,0,CR,Hugo melanoma
16.55154035,621,-0.049653209,1716,403,1054,0,CR,Hugo melanoma
23.60001124,983,-0.08568657,2210,500,548,0,CR,Hugo melanoma
0.565078422,67,0.451717885,186,42,327,1,PD,Hugo melanoma
4.372109958,206,-0.274799003,370,93,262,1,PD,Hugo melanoma
3.997461605,1469,-0.045962627,537,139,182,1,PD,Hugo melanoma
9.781103797,660,-0.07199062,586,212,103,1,PD,Hugo melanoma
14.98547035,573,0.204638442,656,204,387,0,PD,Hugo melanoma
11.69848239,666,0.614972963,816,197,269,1,PD,Hugo melanoma
10.37911406,308,0.050547947,1052,227,171,1,PD,Hugo melanoma
4.221866727,2221,-0.33918859,1607,462,186,1,PD,Hugo melanoma
28.5253755,1674,0.082687083,1934,500,607,1,PD,Hugo melanoma
12.45309631,1619,-0.006192659,2042,457,337,1,PD,Hugo melanoma
16.59434193,2152,0.048551806,2042,500,662,1,PD,Hugo melanoma
17.5633047,482,0.04726457,2104,500,704,0,PD,Hugo melanoma
19.05429231,816,-0.032792994,2342,500,54,0,PD,Hugo melanoma
2.243869828,175,-0.141825004,155,40,448,0,PR,Hugo melanoma
4.140620795,219,0.037427563,599,188,882,0,PR,Hugo melanoma
17.46166956,966,0.091860824,1140,286,427,0,PR,Hugo melanoma
16.02118264,890,0.064118976,1222,286,439,0,PR,Hugo melanoma
12.06510519,2292,0.09202119,1594,478,364,0,PR,Hugo melanoma
19.94239749,2863,0.085051029,2073,500,948,0,PR,Hugo melanoma
16.34755742,1991,0.072883199,2093,477,980,1,PR,Hugo melanoma
18.1913214,1096,-0.186329592,2118,500,439,1,PR,Hugo melanoma
18.53033969,1970,0.05578187,2186,500,1060,0,PR,Hugo melanoma
27.01400474,480,-0.066552831,2235,500,927,0,PR,Hugo melanoma
11.10418564,262,-0.377886264,1023,212,9.8,1,NE,Riaz melanoma
32.34934577,414,0.002436311,1813,500,51.8,1,NE,Riaz melanoma
1.700267268,17,-0.7348642,88,13,56.7,1,PD,Riaz melanoma
14.85411163,123,-0.085249922,1078,500,91,1,PD,Riaz melanoma
11.74950602,432,-0.376666409,1654,354,91.7,1,PD,Riaz melanoma
0.469591984,13,-0.413217611,11,2,149.1,0,PD,Riaz melanoma
0.033112601,32,-0.906795224,57,11,151.2,1,PD,Riaz melanoma
8.501140277,403,-0.058192699,1134,253,167.3,1,SD,Riaz melanoma
30.32564129,1849,0.006122606,2191,500,174.3,1,PD,Riaz melanoma
37.17929138,554,0.343562305,2190,487,217.7,1,SD,Riaz melanoma
3.666945711,209,0.262140235,164,46,221.9,1,PD,Riaz melanoma
13.70267205,803,0.012380488,886,218,226.8,1,PD,Riaz melanoma
5.771579612,213,0.211302923,275,77,259,1,PD,Riaz melanoma
24.56084994,1295,0.093339399,1610,350,273,1,PD,Riaz melanoma
12.29181418,1503,0.142192385,2174,500,333.2,1,SD,Riaz melanoma
4.099905238,123,-0.567019767,123,41,429.1,1,SD,Riaz melanoma
2.4393829,20,0.109554183,135,40,471.1,1,SD,Riaz melanoma
15.86466115,447,-0.700295077,1154,322,476,1,PD,Riaz melanoma
0.974069354,91,0.174691545,61,21,483.7,0,PD,Riaz melanoma
2.671664019,502,-0.417897602,475,118,541.8,1,PD,Riaz melanoma
11.3204195,461,-0.066406947,986,256,632.8,1,SD,Riaz melanoma
2.043731207,42,-1.120103879,119,28,646.1,1,SD,Riaz melanoma
45.02383655,1856,0.227188718,2033,500,692.3,0,SD,Riaz melanoma
16.31389337,208,-0.446483961,1420,366,707.7,1,SD,Riaz melanoma
30.63257575,708,-0.002248186,2198,500,718.2,1,PD,Riaz melanoma
1.317518439,26,0.014813646,115,28,739.9,1,PD,Riaz melanoma
0.966693867,30,-0.323967489,64,18,746.9,1,SD,Riaz melanoma
32.34911122,1404,-0.226505361,1718,393,770,1,PR,Riaz melanoma
14.28409815,1118,0.326846232,1983,500,826.7,0,PR,Riaz melanoma
0.292123837,3,0.711570095,7,4,833.7,0,PR,Riaz melanoma
10.50822979,588,0.07397054,961,206,833.7,0,PR,Riaz melanoma
4.786881131,143,0.245479726,436,90,837.2,1,PD,Riaz melanoma
10.91715457,933,0.267253928,755,192,844.2,1,SD,Riaz melanoma
7.514357689,756,-0.317844515,459,113,903.7,0,PD,Riaz melanoma
2.120501896,343,-0.018850297,493,103,952,0,SD,Riaz melanoma
22.83649569,2025,0.100248615,1533,396,961.1,0,PD,Riaz melanoma
17.7623329,919,0.044827734,1525,362,980.7,0,CR,Riaz melanoma
0.588110996,43,-0.578099305,43,11,1031.8,0,SD,Riaz melanoma
9.084257809,192,0.2488003,622,180,1045.8,0,CR,Riaz melanoma
1.73799867,50,-1.6497528,137,53,1052.8,0,CR,Riaz melanoma
18.88410092,195,0.106403796,920,197,1073.1,0,PR,Riaz melanoma
0.649303986,27,-0.201138651,40,10,1080.8,0,SD,Riaz melanoma
21.76566518,1064,0.234312507,1152,330,1092.7,0,PR,Riaz melanoma
7.250524616,225,0.050374428,615,152,1143.8,0,PR,Riaz melanoma
10.7221956,819,-0.011641426,769,228,476,0,CR,Liu melanoma
16.15973302,803,-0.050629342,2101,500,513,0,CR,Liu melanoma
14.48840087,383,-0.261625279,1148,323,600,1,CR,Liu melanoma
23.36667587,1397,-0.000212973,1273,306,612,0,CR,Liu melanoma
2.337207748,470,0.067577268,414,103,617,0,CR,Liu melanoma
26.73390305,505,0.047454576,1418,327,628,0,CR,Liu melanoma
21.47690428,695,0.068871423,2098,500,739,0,CR,Liu melanoma
21.99940371,2264,-0.051915867,1844,500,772,0,CR,Liu melanoma
13.27120512,159,-0.125539659,622,188,780,0,CR,Liu melanoma
20.59501762,510,-0.024686387,2187,500,819,0,CR,Liu melanoma
10.90658666,592,0.234706676,1112,244,833,0,CR,Liu melanoma
14.79159288,197,-0.283935764,831,347,866,0,CR,Liu melanoma
24.29016139,773,0.175081544,2199,500,913,0,CR,Liu melanoma
21.6831125,396,-0.12493771,1792,458,960,0,CR,Liu melanoma
1.649238356,125,-0.367763137,177,40,978,0,CR,Liu melanoma
18.83078279,1010,-0.183328607,1983,437,1027,0,CR,Liu melanoma
5.20553216,346,0.15079351,371,107,521,1,MR,Liu melanoma
10.57518179,829,0.126794494,943,213,785,0,MR,Liu melanoma
8.771832507,160,-0.094265904,742,219,40,1,PD,Liu melanoma
2.954978593,74,0.214392954,183,63,42,1,PD,Liu melanoma
1.307814303,150,1.115678379,93,20,53,1,PD,Liu melanoma
5.657234189,1019,-0.134842313,803,237,53,1,PD,Liu melanoma
28.37369825,429,0.207397579,2288,500,58,1,PD,Liu melanoma
2.975399727,254,-0.108212906,630,163,71,1,PD,Liu melanoma
0.915685993,125,-0.420157159,65,16,74,1,PD,Liu melanoma
32.22468559,2750,0.019635252,2023,500,75,0,PD,Liu melanoma
19.29918873,2497,-0.072409849,2080,500,81,1,PD,Liu melanoma
6.587720395,544,-0.109064483,733,171,87,1,PD,Liu melanoma
22.02601266,776,0.013241534,2136,500,90,1,PD,Liu melanoma
8.125486591,370,-0.212377855,713,196,118,1,PD,Liu melanoma
1.045100051,13,-0.115942845,50,11,122,1,PD,Liu melanoma
9.035149892,1012,-0.052319546,1243,284,130,1,PD,Liu melanoma
14.20900795,1822,-0.003794279,1511,500,131,1,PD,Liu melanoma
2.457641936,229,-0.931230361,235,49,136,1,PD,Liu melanoma
7.440621652,515,-0.1021908,827,224,137,1,PD,Liu melanoma
7.032227565,1398,-0.113681729,507,136,160,1,PD,Liu melanoma
2.496121029,65,0.163188541,198,42,165,1,PD,Liu melanoma
2.364544962,147,-0.205748003,89,49,167,1,PD,Liu melanoma
5.868180397,611,0.188985916,570,178,173,1,PD,Liu melanoma
5.575593847,271,0.001599212,232,66,178,1,PD,Liu melanoma
0.960179212,92,0.373061823,76,26,186,1,PD,Liu melanoma
8.156548082,160,0.057392607,797,239,192,1,PD,Liu melanoma
20.54320087,616,-0.083963991,2291,500,201,1,PD,Liu melanoma
7.191427915,1580,-0.035519954,1328,335,242,1,PD,Liu melanoma
1.521358495,99,0.10073348,156,47,253,1,PD,Liu melanoma
1.011724878,122,-0.380916412,71,32,275,1,PD,Liu melanoma
1.366318137,54,0.342527752,85,31,282,1,PD,Liu melanoma
0.874939589,74,0.365949111,69,18,283,1,PD,Liu melanoma
1.330635606,73,-0.932226336,126,28,295,1,PD,Liu melanoma
0.679368759,52,-0.275210156,247,72,303,1,PD,Liu melanoma
0.643711309,79,0.880360551,57,27,343,1,PD,Liu melanoma
13.70273926,1846,-0.003575497,2232,500,351,1,PD,Liu melanoma
2.901487542,197,0.911437438,114,29,356,1,PD,Liu melanoma
6.399936671,444,-0.006793892,1211,291,370,1,PD,Liu melanoma
22.59082263,654,0.167868235,2099,482,392,1,PD,Liu melanoma
4.353244661,562,-0.519792375,369,103,395,0,PD,Liu melanoma
2.581453261,360,0.230431771,383,125,426,1,PD,Liu melanoma
2.702607055,385,0.05031372,749,180,431,1,PD,Liu melanoma
2.614693189,303,0.367907606,326,83,444,1,PD,Liu melanoma
5.674784641,126,-0.107834727,585,158,451,1,PD,Liu melanoma
7.823619773,1565,0.006786438,1249,500,468,1,PD,Liu melanoma
8.330350261,344,-0.026097069,910,210,475,0,PD,Liu melanoma
59.96815921,1807,-0.064611455,2066,500,512,1,PD,Liu melanoma
12.8177873,359,0.155833147,1004,214,521,1,PD,Liu melanoma
10.30618451,1574,-0.267728419,1116,280,572,1,PD,Liu melanoma
6.975247697,963,-0.203656937,1077,279,590,1,PD,Liu melanoma
2.235626587,358,-0.149198234,168,58,626,1,PD,Liu melanoma
21.21699476,1173,0.014224498,1089,282,630,0,PD,Liu melanoma
12.46635414,122,-0.135413644,1077,254,683,1,PD,Liu melanoma
4.149922635,231,0.47168351,263,67,846,1,PD,Liu melanoma
9.024795498,409,0.270524353,821,176,849,0,PD,Liu melanoma
34.88911071,1541,0.027460236,2286,500,937,0,PD,Liu melanoma
31.39217106,1660,-0.232902497,2133,500,963,0,PD,Liu melanoma
3.597470184,535,0.020421885,365,103,975,0,PD,Liu melanoma
2.683959139,605,-0.230904861,520,129,47,1,PR,Liu melanoma
6.428813596,177,0.361352511,638,149,149,1,PR,Liu melanoma
21.92299748,2281,-0.025582574,2034,500,194,0,PR,Liu melanoma
0.555610201,10,2.695105823,19,6,205,1,PR,Liu melanoma
17.31383275,2795,-0.279313671,1693,394,290,0,PR,Liu melanoma
27.66835429,1019,-0.096079341,2171,500,543,0,PR,Liu melanoma
3.281414963,113,0.181133736,129,27,623,0,PR,Liu melanoma
17.73760285,307,0.138113982,1211,402,653,0,PR,Liu melanoma
25.42770174,655,-0.012949439,1991,500,658,0,PR,Liu melanoma
25.01297246,2343,-0.006596394,2150,500,662,0,PR,Liu melanoma
0.858867065,9,0.352498964,55,16,685,0,PR,Liu melanoma
4.772473658,201,-1.264428734,192,41,718,0,PR,Liu melanoma
14.38060261,813,-0.214871798,922,280,792,0,PR,Liu melanoma
12.05871237,336,0.00779509,922,259,833,0,PR,Liu melanoma
1.610258168,230,0.36764785,258,51,875,0,PR,Liu melanoma
28.87163762,546,0.060628823,2112,500,891,0,PR,Liu melanoma
18.21922593,2962,-0.108317213,1688,500,895,0,PR,Liu melanoma
2.901100341,126,-0.361089903,221,83,906,0,PR,Liu melanoma
43.22800322,320,0.002376065,1983,500,921,0,PR,Liu melanoma
0.475927955,98,-0.828959035,130,49,922,0,PR,Liu melanoma
6.006114252,666,0.132836208,378,97,938,1,PR,Liu melanoma
1.215173845,113,0.297184605,221,47,960,0,PR,Liu melanoma
40.59645749,1947,-0.090771559,2255,500,992,0,PR,Liu melanoma
16.909622,567,0.008321659,1310,500,1001,0,PR,Liu melanoma
18.20211668,1086,-0.148651596,1232,271,1096,0,PR,Liu melanoma
5.22123735,185,0.455561611,208,54,1139,1,PR,Liu melanoma
1.711285322,280,0.48380021,290,68,1263,0,PR,Liu melanoma
18.64638235,2279,0.069645421,1968,500,1306,0,PR,Liu melanoma
9.239684858,2545,-0.098419898,1928,500,1547,0,PR,Liu melanoma
16.22498576,257,0.057239553,1105,249,1666,0,PR,Liu melanoma
0.032149443,12,-0.456936852,16,5,1679,0,PR,Liu melanoma
1.608564469,5,0.078032488,42,10,1691,0,PR,Liu melanoma
13.22877568,554,-0.012276702,575,127,203,0,SD,Liu melanoma
2.380476547,459,0.171383728,577,129,213,1,SD,Liu melanoma
2.872589333,49,-0.744645726,188,58,269,1,SD,Liu melanoma
32.92065364,1168,-0.078552073,2281,500,272,0,SD,Liu melanoma
1.746305935,117,0.025635415,142,34,288,0,SD,Liu melanoma
1.692255971,128,-0.83734081,160,50,347,0,SD,Liu melanoma
7.715105785,1183,-0.14981704,772,178,497,1,SD,Liu melanoma
4.132810854,106,-0.001903271,263,60,635,0,SD,Liu melanoma
18.67643047,1701,0.105573522,1668,481,659,0,SD,Liu melanoma
7.467127093,303,0.186899487,1015,299,686,1,SD,Liu melanoma
21.76130314,56,-0.174513476,1148,500,687,1,SD,Liu melanoma
0.535236207,64,-1.281887292,114,31,968,1,SD,Liu melanoma
40.04629875,637,0.053897692,2214,500,987,0,SD,Liu melanoma
3.088550929,416,0.505612503,185,41,996,0,SD,Liu melanoma
6.080324556,349,-0.154204041,806,164,1005,1,SD,Liu melanoma
14.8271552,218,0.137277424,814,222,1327,0,SD,Liu melanoma
5.046165209,545,0.42003631,383,106,361,0,CR,Ravi lung cancer
18.23038254,2402,0.398284955,1625,446,286,0,CR,Ravi lung cancer
35.20006625,1735,-0.03661871,2349,500,1039,0,CR,Ravi lung cancer
1.674724365,220,0.282380515,119,35,396,1,PD,Ravi lung cancer
2.192424606,394,-2.257441946,271,51,1108,0,PD,Ravi lung cancer
5.11330263,236,0.536781127,420,86,212,1,PD,Ravi lung cancer
5.655809897,103,0.416102569,329,68,96,1,PD,Ravi lung cancer
5.947573635,291,1.81312098,271,67,12,1,PD,Ravi lung cancer
7.872361045,478,0.406204247,417,86,32,1,PD,Ravi lung cancer
7.895166466,334,-0.06832269,616,154,102,1,PD,Ravi lung cancer
8.901256477,422,-0.019101805,1077,241,95,1,PD,Ravi lung cancer
9.448550044,249,-0.38860683,513,105,363,1,PD,Ravi lung cancer
9.85977721,512,0.675074737,561,125,132,1,PD,Ravi lung cancer
10.31905154,421,-0.321642734,731,149,,,PD,Ravi lung cancer
10.62495654,1100,-0.059258689,985,208,119,1,PD,Ravi lung cancer
10.93826759,62,0.174149227,547,197,99,1,PD,Ravi lung cancer
11.20201317,843,0.34356416,555,130,188,0,PD,Ravi lung cancer
12.33759536,366,0.362220495,685,157,560,1,PD,Ravi lung cancer
13.32812135,756,0.00321783,2245,500,124,1,PD,Ravi lung cancer
14.73682872,2461,-0.068217945,1693,414,271,0,PD,Ravi lung cancer
17.63248675,232,-0.305645227,663,168,604,0,PD,Ravi lung cancer
27.47509141,1165,0.3123,1783,260,160,0,PD,Ravi lung cancer
2.400108333,391,0.419767811,201,46,390,1,PR,Ravi lung cancer
2.968182166,188,-0.046957163,295,75,1162,0,PR,Ravi lung cancer
5.656907583,307,-0.451504044,179,88,301,1,PR,Ravi lung cancer
15.23802093,337,0.557553445,1301,352,485,0,PR,Ravi lung cancer
13.74405186,923,-0.009366812,1206,500,595,0,PR,Ravi lung cancer
15.91236305,2181,0.120499819,1019,272,270,1,PR,Ravi lung cancer
16.24837165,736,-0.28252482,2103,408,592,1,PR,Ravi lung cancer
16.3537338,613,0.362486852,714,196,997,0,PR,Ravi lung cancer
17.24003341,1425,-0.319012273,1385,303,120,1,PR,Ravi lung cancer
18.97355844,984,-0.10064641,1003,217,1259,0,PR,Ravi lung cancer
19.97449646,2402,-0.32,843,293,392,1,PR,Ravi lung cancer
20.32092154,1010,-0.382780811,689,351,587,0,PR,Ravi lung cancer
22.05971172,3554,0.10746962,2103,500,331,0,PR,Ravi lung cancer
22.34231245,1113,-0.151588608,1164,273,617,0,PR,Ravi lung cancer
24.22028076,607,0.21,1208,295,598,0,PR,Ravi lung cancer
28.07075632,2170,-0.128416889,2204,500,434,0,PR,Ravi lung cancer
31.1312455,2656,-0.333232269,1646,385,199,0,PR,Ravi lung cancer
36.01509033,2513,0.071623791,2093,500,298,1,PR,Ravi lung cancer
46.49599151,2199,0.145149175,2159,500,924,0,PR,Ravi lung cancer
1.789179856,168,0.382727231,206,42,909,0,SD,Ravi lung cancer
3.904488266,254,0.018369825,307,72,301,1,SD,Ravi lung cancer
8.742589937,420,-0.045866688,466,97,449,1,SD,Ravi lung cancer
9.81523317,292,0.080226715,707,170,713,1,SD,Ravi lung cancer
10.36360574,162,1.274469655,443,84,436,0,SD,Ravi lung cancer
16.50222028,1446,0.110594819,745,234,386,1,SD,Ravi lung cancer
18.83594703,1372,0.058954815,1424,342,630,0,SD,Ravi lung cancer
25.01693869,416,0.027493041,2125,415,138,1,SD,Ravi lung cancer
27.76911556,1109,0.384241062,855,210,126,0,SD,Ravi lung cancer
45.86715978,510,0.098605306,1880,500,758,0,SD,Ravi lung cancer
4.570701451,168,0.435855763,293,77,277,1,PD,Miao Rcc
1.74553764,83,0.866192228,303,107,448,1,PR,Miao Rcc
8.122934428,174,0.90325365,532,100,454,1,CR,Miao Rcc
21.09003147,1433,0.041817426,1579,344,327,0,PD,Miao Rcc
43.55182817,711,0.159352582,1820,500,581,1,PD,Miao Rcc
6.502351401,218,0.149108671,375,89,399,1,PR,Miao Rcc
35.2720234,2292,-0.118166979,1931,500,433,1,SD,Miao Rcc
17.36800013,1077,-0.394371089,698,164,814,0,PD,Miao Rcc
14.16225099,695,1.408410369,443,102,1189,0,PR,Miao Rcc
3.050579433,162,-0.419820766,380,74,230,1,SD,Miao Rcc
5.134533567,373,0.566938291,330,76,203,1,PD,Miao Rcc
13.51517234,227,1.660832364,515,100,185,0,PD,Miao Rcc
2.831653588,91,-0.639596731,203,47,247,1,PD,Miao Rcc
4.386696069,265,2.065444449,275,59,637,1,PR,Miao Rcc
18.32760703,1047,0.071239522,1142,256,304,0,PD,Miao Rcc
7.450261883,488,0.420175028,519,121,1724,1,SD,Miao Rcc
2.237638566,193,1.038141505,167,53,377,1,SD,Miao Rcc
5.736987147,312,-0.399210317,289,67,165,1,SD,Miao Rcc
10.463546,197,0.359521903,382,72,118,0,PD,Miao Rcc
4.901541525,131,3.122843568,293,51,870,1,PR,Miao Rcc
4.153051166,324,-0.009258566,248,47,366,1,SD,Miao Rcc
5.224901456,255,0.162450078,243,56,64,1,SD,Miao Rcc
2.218661254,99,1.032514179,254,72,1025,1,PR,Miao Rcc
5.250808427,91,1.602402758,304,52,111,1,PD,Miao Rcc
5.247937675,137,0.093400712,279,60,349,1,SD,Miao Rcc
8.919998774,185,0.684616262,421,66,968,1,PD,Miao Rcc
5.885505933,330,0.673852842,318,64,195,1,PD,Miao Rcc
7.677755856,475,-0.641218517,519,101,982,1,SD,Miao Rcc
2.146881881,152,0.45525113,120,37,873,1,SD,Miao Rcc
8.172867207,269,0.898357559,392,86,499,0,PD,Miao Rcc
6.329535872,117,1.731826664,257,64,684,0,PR,Miao Rcc
2.87502099,138,-0.834201499,340,83,582,1,PD,Miao Rcc
4.5016084,188,0.56099413,170,60,41,0,PD,Miao Rcc
