,1,2,3,4,5,6,7,8,9,10,11,12,13,14,15,16
A,0.5448701977729797,0.5583294034004211,0.0,0.5536868572235107,1.2008675336837769,0.0,0.0,0.5514231324195862,0.0,0.555301308631897,0.0,0.0,0.0,0.5583997368812561,0.0,0.0
R,0.0,0.0,0.5567518472671509,0.0,0.0,0.0,0.5646470785140991,0.0,0.0,0.0,0.0,0.0,0.0,0.0,0.0,0.0
N,0.0,0.0,0.0,0.0,0.0,0.0,0.5822811126708984,0.0,0.0,0.5585744976997375,0.7129286527633667,0.0,0.5576488971710205,0.0,0.5552370548248291,0.0
D,0.0,0.0,0.549134373664856,0.5792299509048462,0.0,0.0,0.5628955960273743,0.0,0.0,0.559619665145874,0.6448845863342285,0.0,0.0,0.0,0.0,0.0
V,0.0,0.0,0.0,0.0,0.0,0.5486379265785217,0.5619596242904663,0.0,0.0,0.0,0.6407538056373596,0.5531151294708252,0.0,0.0,0.0,0.0
Q,0.0,0.0,0.5635906457901001,0.0,0.0,0.0,0.0,0.556006908416748,0.5827091336250305,0.0,0.0,0.0,0.0,0.0,0.0,0.5484623908996582
E,0.0,0.0,0.0,1.1036503314971924,0.0,0.0,0.0,0.0,0.0,0.0,0.0,0.0,1.1030042171478271,0.5563938021659851,0.0,1.1226201057434082
G,0.0,0.0,0.0,0.0,0.0,0.0,0.0,0.0,0.0,0.0,0.0,0.5570230484008789,0.0,0.5450085401535034,0.0,0.0
H,0.0,0.0,0.0,0.0,0.0,0.0,0.0,0.0,0.0,0.0,0.5607497692108154,0.0,0.0,0.0,0.0,0.0
I,0.0,0.0,0.0,0.0,0.0,0.0,0.0,0.0,0.0,0.5674529075622559,0.0,0.0,0.0,0.0,0.0,0.5753997564315796
L,0.555684506893158,0.0,0.0,0.5595269203186035,0.0,0.0,0.0,0.5519520044326782,0.5594891309738159,0.0,0.0,0.0,0.0,0.0,0.0,0.5637223720550537
K,0.0,0.0,0.0,0.5685406923294067,0.5572109222412109,1.1505094766616821,0.5596324801445007,0.5613698959350586,0.5622100234031677,0.0,0.0,0.0,0.5555810928344727,0.5552117228507996,0.5468775033950806,0.5536786913871765
M,0.0,0.0,0.0,0.0,0.0,0.0,0.0,0.0,0.0,0.0,0.0,0.0,0.0,0.0,0.0,0.0
F,0.0,0.0,0.0,0.0,0.0,0.0,0.0,0.0,0.554286777973175,0.0,0.0,0.0,0.0,0.5609749555587769,0.0,0.0
P,0.583423376083374,0.5609373450279236,1.1115525960922241,0.0,1.12513267993927,0.0,0.0,0.0,0.5456425547599792,0.5555437207221985,1.114059567451477,0.564448356628418,0.5612164735794067,0.5663835406303406,0.5700053572654724,0.0
S,0.5519040822982788,1.6474430561065674,0.0,0.0,0.0,1.1237688064575195,0.0,0.0,0.0,0.0,0.0,0.0,0.0,0.0,1.1114321947097778,0.0
T,0.5507291555404663,0.0,0.556843638420105,0.0,0.0,0.5617367029190063,0.0,1.1061296463012695,0.0,0.5505838394165039,0.0,1.11676824092865,0.5568506717681885,0.0,0.0,0.0
W,0.0,0.0,0.0,0.0,0.0,0.0,0.5521048307418823,0.0,0.0,0.0,0.0,0.0,0.0,0.0,0.0,0.0
Y,0.5588787794113159,0.5509797930717468,0.0,0.0,0.5541160106658936,0.0,0.0,0.0,0.5536050796508789,0.0,0.0,0.5545618534088135,0.0,0.0,0.5535096526145935,0.0
C,0.0,0.0,0.0,0.0,0.0,0.0,0.0,0.0,0.0,0.0,0.0,0.0,0.0,0.0,0.0,0.0
