,1,2,3,4,5,6,7,8,9,10,11,12,13,14,15,16,17
A,13.603014945983887,9.45410442352295,10.00662612915039,15.77814769744873,10.995208740234375,14.85302448272705,25.080698013305664,30.222522735595703,25.9097957611084,26.959985733032227,29.0477237701416,23.83442497253418,22.674560546875,16.893157958984375,8.394805908203125,8.449907302856445,13.139507293701172
R,13.138980865478516,10.50914192199707,12.595593452453613,11.637048721313477,10.625530242919922,7.4778218269348145,11.479209899902344,7.217428684234619,6.499515533447266,5.853659152984619,7.6057610511779785,8.487051010131836,10.90980052947998,12.818446159362793,7.90811824798584,7.363779067993164,26.35947608947754
N,5.259191513061523,5.769528388977051,5.83999490737915,8.593022346496582,4.834280967712402,8.642117500305176,4.7845845222473145,6.841761589050293,6.95825719833374,3.8058929443359375,3.171586036682129,5.297679901123047,3.2616827487945557,2.1125876903533936,10.590296745300293,3.710090160369873,10.059270858764648
D,27.73784065246582,26.64939308166504,19.477218627929688,24.711137771606445,10.518475532531738,7.889257907867432,12.699853897094727,23.770313262939453,20.23702621459961,16.611717224121094,24.530038833618164,21.803464889526367,20.038419723510742,15.241137504577637,27.880197525024414,20.602279663085938,16.900514602661133
V,18.340192794799805,11.041449546813965,12.612485885620117,10.10407543182373,22.135879516601562,19.059907913208008,18.452045440673828,16.90388298034668,19.612903594970703,19.088844299316406,20.243038177490234,16.955297470092773,15.461051940917969,11.142863273620605,11.005550384521484,18.910263061523438,6.8215203285217285
Q,7.3642120361328125,6.823972225189209,8.430266380310059,13.172555923461914,11.050056457519531,9.98017406463623,10.03714370727539,9.103097915649414,9.961334228515625,10.175074577331543,10.095839500427246,7.017946720123291,8.050808906555176,14.93185806274414,11.524974822998047,6.852782726287842,13.751260757446289
E,18.350406646728516,13.114967346191406,16.92969512939453,23.410566329956055,18.110509872436523,24.47753143310547,18.072187423706055,21.867286682128906,22.40385627746582,42.3536491394043,39.58502197265625,36.51291275024414,30.612218856811523,23.18610954284668,24.161226272583008,19.491439819335938,19.42995834350586
G,22.515043258666992,14.726597785949707,19.55758285522461,19.53144645690918,8.440618515014648,10.591598510742188,15.436766624450684,19.107742309570312,16.985403060913086,7.566563606262207,8.054638862609863,7.4366536140441895,15.973773956298828,12.639033317565918,27.41551971435547,10.017343521118164,15.747745513916016
H,3.657796621322632,0.5251889228820801,2.6035521030426025,4.814629077911377,4.204757213592529,3.1998040676116943,4.877113342285156,2.6513967514038086,2.6462199687957764,1.5888434648513794,1.5957409143447876,2.64448618888855,1.062500238418579,8.96764087677002,5.302845478057861,6.304616451263428,5.297858238220215
I,14.894427299499512,6.849912643432617,4.219125747680664,4.915916919708252,18.332948684692383,15.165205955505371,9.405542373657227,10.74185848236084,10.798666954040527,6.425868988037109,8.106924057006836,14.845866203308105,11.854560852050781,11.713051795959473,9.495556831359863,13.146364212036133,2.6198067665100098
L,16.788236618041992,11.592704772949219,12.180027961730957,12.270820617675781,11.779678344726562,13.172209739685059,9.501778602600098,14.832447052001953,15.890673637390137,14.275289535522461,14.34920597076416,20.822067260742188,21.106853485107422,14.760316848754883,12.043447494506836,15.722063064575195,17.89768409729004
K,10.546074867248535,8.42078971862793,14.848624229431152,11.635250091552734,5.774907112121582,10.101000785827637,5.801415920257568,1.5606253147125244,8.723855972290039,9.604264259338379,4.264777660369873,7.867280006408691,3.690892457962036,7.503997325897217,8.98666763305664,14.787711143493652,15.295787811279297
M,2.622055768966675,1.561654806137085,2.0907816886901855,1.5642911195755005,2.0889089107513428,3.155467987060547,1.5739887952804565,4.182357311248779,3.7032103538513184,3.665243625640869,2.1866729259490967,3.2005953788757324,5.803554534912109,4.7144999504089355,3.153623104095459,2.0850865840911865,5.784599781036377
F,4.1700921058654785,3.6546192169189453,6.831553936004639,6.8040242195129395,16.215822219848633,16.232440948486328,9.961902618408203,6.7926812171936035,7.302947998046875,6.776716232299805,2.6268060207366943,2.6188879013061523,2.621894598007202,7.834832668304443,6.818355083465576,11.534549713134766,3.660761833190918
P,4.259370803833008,63.217376708984375,23.38394546508789,9.112960815429688,22.569353103637695,7.952200412750244,11.589893341064453,4.3257060050964355,8.087735176086426,15.451674461364746,13.466449737548828,14.990860939025879,14.874373435974121,21.232097625732422,18.482725143432617,35.403472900390625,17.49980926513672
S,15.203201293945312,10.49820327758789,22.277328491210938,18.398189544677734,13.212268829345703,15.824196815490723,22.28371238708496,16.475244522094727,15.279569625854492,12.829292297363281,16.48639488220215,9.548138618469238,16.579891204833984,12.67759895324707,13.618804931640625,10.028304100036621,10.042348861694336
T,11.014670372009277,12.543635368347168,16.25031280517578,13.688567161560059,10.569753646850586,12.312766075134277,17.559667587280273,14.909077644348145,11.846635818481445,9.08579158782959,9.045598030090332,6.96320104598999,8.035746574401855,10.059587478637695,6.801158905029297,10.00226879119873,15.258065223693848
W,1.5730948448181152,0.0,5.778776168823242,4.690976619720459,6.254903316497803,9.370821952819824,5.190614223480225,1.0389056205749512,3.131042957305908,1.0402777194976807,1.555068016052246,2.6004717350006104,2.595994472503662,2.083179235458374,4.681845664978027,3.123746871948242,1.0409399271011353
Y,8.380819320678711,3.6577281951904297,4.715414047241211,5.227760314941406,13.047403335571289,11.49876594543457,7.8305840492248535,8.352782249450684,5.855131149291992,3.6629271507263184,4.234066963195801,7.320737838745117,5.779110431671143,9.911974906921387,1.566729187965393,2.5995774269104004,3.6377079486846924
C,0.0,0.0,0.0,1.053945779800415,0.5474226474761963,0.5700467228889465,1.1457891464233398,1.120280385017395,0.5334148406982422,5.44498348236084,2.128777503967285,1.6282705068588257,1.0429822206497192,0.5317203402519226,0.0,0.0,0.0
