,1,2,3,4,5,6,7,8,9,10,11,12,13,14,15
A,62.85261917114258,52.98762512207031,44.704776763916016,31.586790084838867,37.20573806762695,56.31633377075195,63.60746383666992,67.30171203613281,107.4739990234375,112.60509490966797,66.38395690917969,81.94591522216797,80.26097106933594,48.96763610839844,50.178306579589844
R,38.35368728637695,36.936004638671875,39.56855010986328,23.469879150390625,38.327762603759766,38.2176399230957,25.942529678344727,30.031736373901367,26.19755744934082,26.610231399536133,50.339351654052734,22.91289520263672,32.38985824584961,35.572078704833984,46.15065002441406
N,30.576292037963867,31.201522827148438,35.271240234375,11.871573448181152,16.173439025878906,19.286924362182617,9.513569831848145,27.110363006591797,27.77290916442871,31.965625762939453,24.933185577392578,16.822463989257812,17.982641220092773,12.757728576660156,23.99711036682129
D,42.26827621459961,45.05393600463867,28.03194808959961,23.855873107910156,17.36738395690918,18.57218360900879,3.6019465923309326,10.168081283569336,10.23479175567627,4.854326248168945,10.9297513961792,17.478118896484375,31.697298049926758,40.24458694458008,33.36499786376953
V,52.29788589477539,27.58380889892578,40.606903076171875,35.64609909057617,44.56998825073242,36.18387222290039,24.508275985717773,27.440631866455078,26.959999084472656,45.74025344848633,46.544349670410156,83.4503402709961,71.86746978759766,54.330718994140625,21.04294776916504
Q,10.118382453918457,35.88275909423828,39.863006591796875,23.670085906982422,35.49953079223633,50.979984283447266,48.91286087036133,41.05867004394531,26.026805877685547,34.4384651184082,37.801795959472656,24.25071144104004,22.03981590270996,29.870071411132812,44.31731414794922
E,39.90086364746094,42.22269058227539,44.348873138427734,36.95004653930664,29.21002960205078,45.27316665649414,62.576045989990234,58.010276794433594,28.517671585083008,28.347557067871094,45.70459747314453,21.024188995361328,26.95416831970215,51.074737548828125,56.830604553222656
G,55.695980072021484,61.09764099121094,53.22248077392578,13.21202278137207,24.561359405517578,25.15868377685547,27.029987335205078,34.23797607421875,121.0011978149414,94.15381622314453,47.102928161621094,52.58763885498047,39.96131896972656,21.52541160583496,60.95912551879883
H,11.208439826965332,12.487284660339355,14.885245323181152,15.994401931762695,10.188966751098633,18.514453887939453,15.115468978881836,10.270124435424805,8.471710205078125,15.549837112426758,20.392614364624023,14.981473922729492,12.469694137573242,18.576501846313477,27.635892868041992
I,39.35742950439453,21.095455169677734,18.965412139892578,37.33125305175781,36.25684356689453,41.62346267700195,34.85007095336914,27.703712463378906,10.89808177947998,16.801977157592773,23.63380241394043,30.644588470458984,33.28401565551758,23.316593170166016,7.202253341674805
L,50.811248779296875,26.36464500427246,36.97332000732422,69.86766052246094,68.97517395019531,78.04303741455078,152.3307342529297,116.65623474121094,31.774568557739258,46.82560729980469,54.291507720947266,103.34367370605469,77.31704711914062,41.08913040161133,46.12815856933594
K,53.18655014038086,53.11167526245117,58.297821044921875,36.49611282348633,36.7514762878418,44.90762710571289,35.767356872558594,36.51458740234375,36.12947082519531,31.598918914794922,50.01612854003906,44.82793045043945,43.205726623535156,49.85813522338867,59.474647521972656
M,10.78046989440918,6.5892744064331055,4.14352560043335,7.181337356567383,10.690716743469238,19.591535568237305,35.820621490478516,25.329029083251953,6.71772575378418,4.814461708068848,11.328344345092773,9.009905815124512,8.884862899780273,8.848865509033203,7.690121650695801
F,17.36725616455078,9.47495174407959,26.780189514160156,83.28128814697266,80.79727935791016,31.49983024597168,13.111335754394531,7.720072269439697,3.592728853225708,9.557133674621582,10.743337631225586,8.949292182922363,13.640240669250488,20.898937225341797,17.8446102142334
P,6.0353569984436035,84.38487243652344,43.35437774658203,18.03639030456543,8.49543285369873,16.728063583374023,19.29120635986328,36.56774139404297,52.15857696533203,45.744503021240234,48.78784942626953,26.81039810180664,14.447355270385742,82.37506103515625,23.54877281188965
S,59.50830841064453,50.37031173706055,49.30576705932617,33.61863708496094,26.409832000732422,48.686954498291016,37.13461685180664,46.610721588134766,81.12837219238281,51.460693359375,51.08015823364258,41.21178436279297,56.65086364746094,48.3546142578125,53.357017517089844
T,39.250144958496094,33.249080657958984,32.809593200683594,27.384191513061523,25.79547882080078,23.429790496826172,19.44643783569336,37.1451301574707,34.06066131591797,28.372392654418945,33.28578567504883,30.150146484375,39.252044677734375,26.29828453063965,47.78150177001953
W,4.131687641143799,1.1870051622390747,6.5165300369262695,23.6329345703125,16.565990447998047,7.131065368652344,4.148566722869873,0.0,0.5967457294464111,3.5538649559020996,2.9645915031433105,1.7888264656066895,5.351376056671143,4.758453369140625,1.7705386877059937
Y,15.441919326782227,8.920297622680664,21.960018157958984,86.14847564697266,77.75109100341797,23.231704711914062,11.28825855255127,8.337377548217773,7.134779453277588,11.344351768493652,11.90571403503418,10.103153228759766,10.638925552368164,22.54218101501465,11.240874290466309
C,0.0,0.0,0.0,0.0,0.5895010828971863,2.4878265857696533,1.8883908987045288,0.5928765535354614,0.0,0.5849106907844543,0.0,2.3931150436401367,0.6012927293777466,0.591235339641571,1.1799087524414062
