,1,2,3,4,5,6,7,8,9
A,0.990123450756073,1.9704952239990234,1.9902751445770264,2.9901371002197266,3.9713354110717773,2.985144853591919,3.005866527557373,3.0793535709381104,0.0
R,0.0,1.0065150260925293,1.0006844997406006,0.9940818548202515,0.9814375042915344,0.985483705997467,0.0,3.0083889961242676,2.965372085571289
N,0.9935887455940247,0.9812190532684326,0.0,0.0,2.0141029357910156,0.0,0.9871777892112732,0.0,0.0
D,0.0,0.0,2.0311028957366943,0.0,1.008539080619812,0.9910392165184021,0.9814366698265076,0.0,0.0
V,1.0541387796401978,2.985074281692505,2.956089735031128,0.9725484251976013,2.075687885284424,3.0138962268829346,3.9499897956848145,1.9851714372634888,2.9561092853546143
Q,0.0,0.0,0.0,0.0,0.9951344728469849,2.005067825317383,1.9427099227905273,0.0,2.9922139644622803
E,1.9620682001113892,1.0158032178878784,0.0,3.089190721511841,1.9829347133636475,3.083484649658203,3.0229530334472656,2.0441811084747314,2.974238157272339
G,2.956895589828491,3.0130996704101562,0.0,0.9929483532905579,0.0,0.0,0.9955946803092957,0.9654160141944885,1.0180063247680664
H,0.0,0.0,0.0,0.0,0.9784639477729797,1.043086051940918,0.0,1.9970369338989258,0.9915263652801514
I,1.9724106788635254,2.1124470233917236,1.9769693613052368,1.0652952194213867,0.0,0.9853019714355469,0.9862079620361328,2.0008151531219482,0.9839301109313965
L,3.9637181758880615,4.031701564788818,2.0232760906219482,4.971485614776611,2.344923257827759,2.9678330421447754,1.9802061319351196,1.9817191362380981,3.0287516117095947
K,1.0411198139190674,0.948085367679596,0.0,1.9830783605575562,4.037073612213135,0.9858115911483765,0.9729095697402954,0.9995843172073364,0.9915452003479004
M,0.0,0.9802196621894836,0.0,1.0149357318878174,0.0,0.0,0.0,0.0,0.0
F,1.032591700553894,0.0,0.0,0.0,0.0,0.0,0.0,0.993951678276062,0.9855300784111023
P,2.002490758895874,3.046551465988159,1.0156062841415405,2.003837823867798,0.9707105159759521,2.034360885620117,0.0,0.9860143065452576,0.0
S,2.8951056003570557,0.0,3.035783052444458,1.9713616371154785,0.0,2.014888048171997,1.965451955795288,1.933729887008667,0.0
T,1.9623262882232666,1.0656638145446777,4.881935119628906,0.9971033334732056,2.018305540084839,0.0,0.9922826290130615,1.0188173055648804,0.9890663623809814
W,0.0,0.0,0.0,0.0,0.0,0.0,0.0,0.0,0.0
Y,0.0,0.0,0.9939126968383789,0.0,0.0,0.0,0.9749917387962341,0.0,1.9813138246536255
C,0.0,0.0,0.9812992811203003,0.0,0.0,0.0,0.0,0.0,0.0
