,1,2,3,4,5,6,7,8,9,10,11,12,13
A,0.6703444123268127,0.6836124062538147,2.0511105060577393,0.0,2.743128776550293,1.3724548816680908,0.6919739842414856,2.8273301124572754,2.735896110534668,0.6801109313964844,1.3609013557434082,0.6758906245231628,0.6720460653305054
R,1.3990658521652222,0.0,0.0,0.0,0.7420865893363953,0.0,0.0,0.0,0.6773855686187744,0.6927250623703003,2.0808558464050293,0.0,0.6820824146270752
N,0.7044150233268738,0.0,0.0,0.689578115940094,0.0,0.67703777551651,2.0547080039978027,1.415756344795227,0.0,0.6747994422912598,0.6965148448944092,1.3628262281417847,0.0
D,0.6953266263008118,0.0,0.6805278062820435,1.454312801361084,0.6810711622238159,1.4532538652420044,1.3449186086654663,1.368879795074463,0.0,0.6970430016517639,1.3928048610687256,0.0,0.0
V,3.400059700012207,0.7078384757041931,2.755336284637451,0.0,2.045895576477051,0.8372900485992432,1.3706717491149902,1.377156138420105,2.075279712677002,1.3785769939422607,0.6919254660606384,0.0,0.0
Q,0.0,0.718252420425415,0.6916468143463135,0.0,2.069620370864868,0.0,0.6882983446121216,0.0,0.0,1.3957386016845703,0.7121288180351257,0.6826406121253967,0.0
E,0.6704279184341431,0.0,1.3793200254440308,1.3886022567749023,0.6937198638916016,0.0,0.0,0.691214382648468,1.3935413360595703,2.780308723449707,0.0,1.366675615310669,0.0
G,0.6785820126533508,0.6752639412879944,0.8391315340995789,0.6981186270713806,0.0,2.7919769287109375,1.3713182210922241,1.3964766263961792,0.6933711171150208,0.0,4.141797065734863,1.3797866106033325,0.0
H,0.0,0.0,0.0,0.0,2.0759167671203613,0.0,0.0,0.0,0.6985846161842346,0.6797260642051697,0.0,0.0,0.0
I,2.0920140743255615,0.672221302986145,1.3744971752166748,0.0,0.0,1.353975772857666,0.7238689064979553,2.099184989929199,0.0,1.3734130859375,0.0,0.0,0.0
L,0.0,3.4328391551971436,0.0,1.4535858631134033,0.0,0.0,1.3996639251708984,0.8087561130523682,0.694226861000061,0.6730490922927856,0.0,2.728022813796997,2.0668416023254395
K,0.680900514125824,0.0,0.6950451731681824,3.475785255432129,0.0,1.3642675876617432,2.781144857406616,0.8146334886550903,0.6759703755378723,1.3759678602218628,1.3837343454360962,2.761461019515991,3.414729595184326
M,0.7126397490501404,0.0,0.0,0.0,0.0,0.7134378552436829,0.0,0.0,0.0,0.0,0.6859354376792908,0.0,0.0
F,0.696867048740387,1.3609538078308105,1.3557710647583008,0.692875325679779,0.0,1.3555585145950317,0.0,0.0,0.0,0.0,0.0,2.0373575687408447,7.542540073394775
P,1.3843977451324463,0.0,2.0749082565307617,2.1774544715881348,2.0994272232055664,2.1212430000305176,0.0,0.6877282857894897,3.4166555404663086,0.0,0.0,0.0,0.0
S,0.0,0.0,0.0,2.8888745307922363,1.3607752323150635,1.3665447235107422,0.6970640420913696,0.0,1.361545443534851,2.0883939266204834,0.0,1.3669703006744385,0.0
T,0.6787298917770386,0.0,1.3578708171844482,0.0,0.675675630569458,0.0,0.6982912421226501,2.067624807357788,0.6793310642242432,0.6815940737724304,1.37555730342865,0.676135778427124,0.0
W,0.0,0.0,0.0,0.0,0.0,0.0,0.0,0.0,0.0,0.0,0.0,0.0,0.0
Y,0.6742948293685913,6.849588394165039,0.0,0.6851228475570679,0.0,0.0,1.3679332733154297,0.0,0.0,0.0,0.6747177839279175,0.0,0.6768205761909485
C,0.0,0.0,0.0,0.0,0.0,0.0,0.0,0.0,0.0,0.0,0.0,0.0,0.0
